1001,"Nondisplaced intertrochanteric fracture of left femur, subsequent encounter for closed fracture with nonunion",S72145K
1002,Kernicterus due to isoimmunization,P570
1003,"Adverse effect of penicillins, sequela",T360X5S
1004,"Opioid dependence, uncomplicated",F1120
1005,Metabolic acidemia in newborn first noted before onset of labor,P190
1006,Unspecified injury of left thigh,S79922
1007,"Nondisplaced fracture of lesser trochanter of left femur, subsequent encounter for closed fracture with malunion",S72125P
1008,"Occupant (driver) (passenger) of heavy transport vehicle injured in unspecified nontraffic accident, subsequent encounter",V693XXD
1009,Acquired absence of unspecified breast and nipple,Z9010
1010,Other postprocedural complications of skin and subcutaneous tissue,L7682
1011,Other staphylococcus as the cause of diseases classified elsewhere,B957
1012,"Unspecified injury of left thigh, subsequent encounter",S79922D
1013,"Shotgun discharge, undetermined intent, subsequent encounter",Y230XXD
1014,"Oligohydramnios, third trimester, fetus 4",O4103X4
1015,Other alveolar and parieto-alveolar conditions,J8409
1016,"Laceration without foreign body of abdominal wall, right lower quadrant without penetration into peritoneal cavity, initial encounter",S31113A
1017,Tubal pregnancy with intrauterine pregnancy,O0011
1018,"Subluxation of unspecified interphalangeal joint of right ring finger, subsequent encounter",S63224D
1019,"Interstitial pulmonary disease, unspecified",J849
1020,"Corrosion of right eyelid and periocular area, initial encounter",T2651XA
1021,"Driver of other special all-terrain or other off-road motor vehicle injured in nontraffic accident, initial encounter",V8659XA
1022,Gastroschisis,Q793
1023,"Nondisplaced oblique fracture of shaft of right tibia, initial encounter for closed fracture",S82234A
1024,"War operations involving explosion of depth-charge, military personnel",Y36010
1025,"Nondisplaced oblique fracture of shaft of left radius, subsequent encounter for open fracture type IIIA, IIIB, or IIIC with nonunion",S52335N
1026,"Underdosing of cannabis (derivatives), subsequent encounter",T407X6D
1027,"Toxic effect of herbicides and fungicides, undetermined, sequela",T603X4S
1028,"Contusion of bronchus, bilateral",S27422
1029,"Hunting rifle discharge, undetermined intent",Y231
1030,"Nondisplaced fracture of medial phalanx of right middle finger, initial encounter for open fracture",S62652B
1031,"Hypermetropia, right eye",H5201
1032,"Gastric contents in trachea causing other injury, sequela",T17418S
1033,"Strain of extensor muscle, fascia and tendon of left little finger at wrist and hand level, initial encounter",S66317A
1034,"Burn of first degree of right forearm, initial encounter",T22111A
1035,"Poisoning by salicylates, assault, sequela",T39093S
1036,"Nondisplaced fracture of proximal phalanx of unspecified finger, sequela",S62649S
1037,"Dislocation of interphalangeal joint of right great toe, initial encounter",S93111A
1038,"Toxic effect of unspecified gases, fumes and vapors, intentional self-harm",T5992
1039,Nondisplaced bicondylar fracture of left tibia,S82145
1040,"Displaced fracture of distal phalanx of left middle finger, subsequent encounter for fracture with delayed healing",S62633G
1041,"Pedestrian injured in unspecified nontraffic accident, sequela",V091XXS
1042,"Toxic effect of carbon monoxide from incomplete combustion of other domestic fuels, accidental (unintentional)",T582X1
1043,"Maternal care for unstable lie, fetus 5",O320XX5
1044,"Biomechanical lesions, not elsewhere classified",M99
1045,"Displaced comminuted fracture of shaft of right tibia, subsequent encounter for open fracture type IIIA, IIIB, or IIIC with delayed healing",S82251J
1046,"Nondisplaced fracture of glenoid cavity of scapula, right shoulder, subsequent encounter for fracture with malunion",S42144P
1047,"Pedal cycle driver injured in collision with other pedal cycle in traffic accident, initial encounter",V114XXA
1048,Adjustment disorders,F432
1049,"Superficial foreign body of unspecified parts of thorax, initial encounter",S2095XA
1050,"Unspecified injury of extensor muscle, fascia and tendon of left thumb at wrist and hand level",S66202
1051,"Stable burst fracture of fourth thoracic vertebra, sequela",S22041S
1052,"Helicopter crash injuring occupant, sequela",V9501XS
1053,"Fall from, out of or through building, not otherwise specified, sequela",W139XXS
1054,Unspecified choroidal detachment,H3140
1055,Laceration with foreign body of right eyelid and periocular area,S01121
1056,"Other specified injury of axillary artery, right side, sequela",S45091S
1057,"Retrobulbar neuritis, right eye",H4611
1058,"Nondisplaced transverse fracture of shaft of right radius, subsequent encounter for open fracture type IIIA, IIIB, or IIIC with malunion",S52324R
1059,"Poisoning by other hormone antagonists, accidental (unintentional), initial encounter",T38991A
1060,Other misshapen ear,Q173
1061,"Salter-Harris Type I physeal fracture of lower end of radius, unspecified arm, subsequent encounter for fracture with routine healing",S59219D
1062,Alcohol abuse with intoxication delirium,F10121
1063,"Extrinsic cartilagenous obstruction of Eustachian tube, unspecified ear",H68139
1064,"Blister (nonthermal), left ankle, subsequent encounter",S90522D
1065,"Spontaneous rupture of extensor tendons, right lower leg",M66261
1066,"Contusion of unspecified part of colon, sequela",S36529S
1067,"Driver of pick-up truck or van injured in collision with pedal cycle in traffic accident, subsequent encounter",V515XXD
1068,"Drowning and submersion due to falling or jumping from crushed fishing boat, sequela",V9032XS
1069,"Unspecified open wound of left upper arm, subsequent encounter",S41102D
1070,"Displaced midcervical fracture of right femur, subsequent encounter for open fracture type I or II with nonunion",S72031M
1071,"Laceration of muscle(s) and tendon(s) of peroneal muscle group at lower leg level, left leg",S86322
1072,"Juvenile myelomonocytic leukemia, in relapse",C9332
1073,Long term (current) use of oral hypoglycemic drugs,Z7984
1074,"Unspecified fracture of lower end of left ulna, subsequent encounter for open fracture type I or II with nonunion",S52602M
1075,Diverticular disease of small intestine without perforation or abscess,K571
1076,"Chorioamnionitis, third trimester, fetus 2",O411232
1077,Disorders of external ear in diseases classified elsewhere,H62
1078,"Adverse effect of anthelminthics, subsequent encounter",T374X5D
1079,"Stress fracture, right toe(s), subsequent encounter for fracture with delayed healing",M84377G
1080,"Nondisplaced fracture of lower epiphysis (separation) of unspecified femur, subsequent encounter for open fracture type I or II with nonunion",S72446M
1081,Tumor lysis syndrome,E883
1082,"Laceration without foreign body of left shoulder, subsequent encounter",S41012D
1083,"Chondromalacia, right wrist",M94231
1084,Astrovirus enteritis,A0832
1085,"Person boarding or alighting from bus injured in collision with railway train or railway vehicle, subsequent encounter",V754XXD
1086,Other mechanical complication of internal left knee prosthesis,T84093
1087,"Crushing injury of left ankle, sequela",S9702XS
1088,"Unspecified fracture of right forearm, subsequent encounter for closed fracture with delayed healing",S5291XG
1089,"Corrosion of unspecified degree of left palm, sequela",T23452S
1090,Generalized atherosclerosis,I7091
1091,Inhalant abuse with inhalant-induced mood disorder,F1814
1092,"Gonococcal cystitis and urethritis, unspecified",A5401
1093,"Injury of other nerves at ankle and foot level, unspecified leg, sequela",S948X9S
1094,"Pedal cyclist (driver) (passenger) injured in other specified transport accidents, initial encounter",V1988XA
1095,"Age-related osteoporosis with current pathological fracture, unspecified humerus, sequela",M80029S
1096,"Contusion of right thumb without damage to nail, subsequent encounter",S60011D
1097,"Passenger of special agricultural vehicle injured in traffic accident, sequela",V841XXS
1098,"Other disorders of continuity of bone, left shoulder",M84812
1099,"Puncture wound without foreign body of unspecified ear, sequela",S01339S
1100,"Adult sexual abuse, confirmed, subsequent encounter",T7421XD
1101,"Poisoning by mixed antiepileptics, accidental (unintentional), subsequent encounter",T425X1D
1102,"Calcification and ossification of muscles associated with burns, unspecified upper arm",M61329
1103,"Unspecified adverse effect of drug or medicament, subsequent encounter",T887XXD
1104,"Superficial foreign body, unspecified thigh",S70359
1105,"Exposure to flames in uncontrolled fire in building or structure, subsequent encounter",X000XXD
1106,Salter-Harris Type II physeal fracture of upper end of tibia,S8902
1107,"Exposure to radiofrequency, initial encounter",W900XXA
1108,"Laceration of extensor muscle, fascia and tendon of right ring finger at forearm level, sequela",S56425S
1109,"Salter-Harris Type I physeal fracture of phalanx of left toe, subsequent encounter for fracture with routine healing",S99212D
1110,"Corrosion of second degree of right axilla, sequela",T22641S
1111,Other injury of rectum,S3669
1112,"Strain of other extensor muscle, fascia and tendon at forearm level, left arm",S56512
1113,"Fistula, other specified site",M2518
1114,Toxic effect of ethanol,T510
1115,"Other chondrocalcinosis, unspecified site",M1120
1116,"Poisoning by predominantly beta-adrenoreceptor agonists, accidental (unintentional), subsequent encounter",T445X1D
1117,"Burn of second degree of multiple right fingers (nail), including thumb, initial encounter",T23241A
1118,Flushing,R232
1119,"Displaced intertrochanteric fracture of unspecified femur, subsequent encounter for open fracture type I or II with delayed healing",S72143H
1120,Other specified intracranial injury with loss of consciousness of 1 hour to 5 hours 59 minutes,S06893
1121,Laryngocele,Q313
1122,Other specified congenital malformations of upper alimentary tract,Q408
1123,"Fracture of unspecified phalanx of right index finger, subsequent encounter for fracture with delayed healing",S62600G
1124,"Nondisplaced fracture of neck of left radius, subsequent encounter for open fracture type I or II with malunion",S52135Q
1125,"Puncture wound with foreign body of unspecified ear, initial encounter",S01349A
1126,"Multiple fractures of ribs, right side, subsequent encounter for fracture with delayed healing",S2241XG
1127,"Military operations involving rubber bullets, military personnel, subsequent encounter",Y37410D
1128,"Toxic effect of hydrogen sulfide, accidental (unintentional)",T596X1
1129,"Non-Hodgkin lymphoma, unspecified, intra-abdominal lymph nodes",C8593
1130,"Injury of left internal carotid artery, intracranial portion, not elsewhere classified with loss of consciousness of 31 minutes to 59 minutes, sequela",S06822S
1131,"Jumping or diving into unspecified water causing drowning and submersion, initial encounter",W1691XA
1132,"Displaced fracture of acromial process, unspecified shoulder, sequela",S42123S
1133,"Posterior dislocation of unspecified acromioclavicular joint, sequela",S43159S
1134,"Nondisplaced unspecified condyle fracture of lower end of left femur, subsequent encounter for open fracture type I or II with malunion",S72415Q
1135,Torus fracture of lower end of unspecified ulna,S52629
1136,Low self-esteem,R4581
1137,Drug or chemical induced diabetes mellitus with moderate nonproliferative diabetic retinopathy,E0933
1138,Fall on board passenger ship,V9331
1139,Carcinoma in situ of rectum,D012
1140,Rheumatoid heart disease with rheumatoid arthritis of hand,M0534
1141,"Burn of second degree of multiple sites of left lower limb, except ankle and foot",T24292
1142,Shock due to being struck by lightning,T7501
1143,"Unspecified injury of left thigh, sequela",S79922S
1144,"Corrosion of second degree of unspecified site of right lower limb, except ankle and foot, subsequent encounter",T24601D
1145,"Other war operations occurring after cessation of hostilities, military personnel",Y36880
1146,Complete traumatic amputation of scrotum and testis,S38231
1147,"Unspecified firearm discharge, undetermined intent, subsequent encounter",Y249XXD
1148,"Other specified injury of femoral artery, left leg, initial encounter",S75092A
1149,"Other specified injury of unspecified blood vessel at hip and thigh level, left leg, initial encounter",S75992A
1150,"Nondisplaced fracture of neck of second metacarpal bone, left hand, sequela",S62361S
1151,"Other chronic osteomyelitis, ankle and foot",M8667
1152,"Fracture of manubrium, subsequent encounter for fracture with delayed healing",S2221XG
1153,"Chronic gout due to renal impairment, wrist",M1A33
1154,Scombroid fish poisoning,T611
1155,"Displaced posterior arch fracture of first cervical vertebra, sequela",S12030S
1156,"Occupant (driver) (passenger) of heavy transport vehicle injured in unspecified nontraffic accident, initial encounter",V693XXA
1157,"Other specific arthropathies, not elsewhere classified, unspecified knee",M12869
1158,"Other specified sprain of unspecified wrist, initial encounter",S63599A
1159,"Disorder of trigeminal nerve, unspecified",G509
1160,Naegleriasis,B602
1161,"Strain of muscle and tendon of unspecified wall of thorax, initial encounter",S29019A
1162,"Displaced fracture of lateral cuneiform of unspecified foot, sequela",S92223S
1163,"Osteonecrosis in diseases classified elsewhere, hand",M9054
1164,"Pathological fracture in other disease, pelvis and femur",M8465
1165,"Poisoning by other vaccines and biological substances, intentional self-harm, subsequent encounter",T50Z92D
1166,"Superficial frostbite of unspecified arm, subsequent encounter",T3340XD
1167,"Toxic effect of petroleum products, assault, sequela",T520X3S
1168,"Displaced intertrochanteric fracture of right femur, subsequent encounter for open fracture type I or II with nonunion",S72141M
1169,"Toxic effect of harmful algae and algae toxins, assault, initial encounter",T65823A
1170,"Displaced simple supracondylar fracture without intercondylar fracture of unspecified humerus, sequela",S42413S
1171,"Open bite of right hand, initial encounter",S61451A
1172,"Acquired clawhand, clubhand, clawfoot and clubfoot",M215
1173,"Nondisplaced subtrochanteric fracture of left femur, subsequent encounter for open fracture type IIIA, IIIB, or IIIC with delayed healing",S7225XJ
1174,"Anaphylactic reaction due to shellfish (crustaceans), initial encounter",T7802XA
1175,"Other specified injury of peroneal artery, unspecified leg",S85299
1176,"Displaced fracture of lunate [semilunar], unspecified wrist, subsequent encounter for fracture with nonunion",S62123K
1177,"Unspecified fracture of head of right femur, subsequent encounter for open fracture type IIIA, IIIB, or IIIC with routine healing",S72051F
1178,"Anterior subluxation of right sternoclavicular joint, initial encounter",S43211A
1179,Superficial frostbite of unspecified knee and lower leg,T3370
1180,"Other specified multiple gestation with two or more monochorionic fetuses, second trimester",O30812
1181,"Displaced segmental fracture of shaft of unspecified tibia, subsequent encounter for open fracture type I or II with nonunion",S82263M
1182,"Nondisplaced spiral fracture of shaft of right tibia, subsequent encounter for open fracture type IIIA, IIIB, or IIIC with routine healing",S82244F
1183,Animal-rider injured in collision with animal-drawn vehicle,V80720
1184,Eversion of left lacrimal punctum,H04522
1185,"Other superficial bite of unspecified back wall of thorax, initial encounter",S20479A
1186,Other forms of dyspnea,R0609
1187,"Salter-Harris Type II physeal fracture of upper end of radius, unspecified arm, initial encounter for closed fracture",S59129A
1188,"Motorcycle driver injured in collision with other nonmotor vehicle in traffic accident, initial encounter",V264XXA
1189,"Legal intervention involving other blunt objects, suspect injured, sequela",Y35393S
1190,"Superficial foreign body of unspecified external genital organs, female, initial encounter",S30856A
1191,"Wedge compression fracture of third lumbar vertebra, subsequent encounter for fracture with delayed healing",S32030G
1192,"Post-traumatic hydrocephalus, unspecified",G913
1193,Ovarian dysfunction,E28
1194,"Nondisplaced fracture of olecranon process with intraarticular extension of right ulna, subsequent encounter for open fracture type I or II with nonunion",S52034M
1195,"Displaced fracture of second metatarsal bone, right foot, sequela",S92321S
1196,Direct infection of unspecified hip in infectious and parasitic diseases classified elsewhere,M01X59
1197,"Rupture of synovium, left finger(s)",M66145
1198,"Corrosion of third degree of left upper arm, initial encounter",T22732A
1199,"Radiation sickness, unspecified",T66
1200,Congenital pneumonia due to viral agent,P230
1201,"Poisoning by vitamins, intentional self-harm, subsequent encounter",T452X2D
1202,Injury of digital nerve of left ring finger,S64495
1203,"Burn of unspecified degree of right upper arm, sequela",T22031S
1204,"Salter-Harris Type IV physeal fracture of lower end of radius, right arm, subsequent encounter for fracture with routine healing",S59241D
1205,"Chronic gout due to renal impairment, unspecified ankle and foot",M1A379
1206,Displaced bimalleolar fracture of unspecified lower leg,S82843
1207,Other cervical disc degeneration at C6-C7 level,M50323
1208,"Dislocation of other parts of left shoulder girdle, subsequent encounter",S43395D
1209,"Dislocation of metacarpal (bone), proximal end of left hand, subsequent encounter",S63065D
1210,Candidal esophagitis,B3781
1211,"Abrasion of unspecified forearm, initial encounter",S50819A
1212,"Coma scale, best verbal response, incomprehensible words, in the field [EMT or ambulance]",R402221
1213,"Displaced intertrochanteric fracture of unspecified femur, subsequent encounter for open fracture type IIIA, IIIB, or IIIC with malunion",S72143R
1214,Non-pressure chronic ulcer of right calf with necrosis of bone,L97214
1215,"Toxic effect of cyanides, accidental (unintentional), sequela",T650X1S
1216,"Unspecified trochanteric fracture of right femur, subsequent encounter for closed fracture with delayed healing",S72101G
1217,"Displacement of cranial or spinal infusion catheter, subsequent encounter",T85620D
1218,"Unspecified fracture of unspecified patella, initial encounter for open fracture type IIIA, IIIB, or IIIC",S82009C
1219,Subluxation and dislocation of C4/C5 cervical vertebrae,S1315
1220,"Manic episode without psychotic symptoms, mild",F3011
1221,Nondisplaced fracture of base of neck of right femur,S72044
1222,"Occupant of animal-drawn vehicle injured in collision with pedal cycle, subsequent encounter",V8022XD
1223,Swan-neck deformity of left finger(s),M20032
1224,"Insect bite (nonvenomous) of anus, sequela",S30867S
1225,Other degenerative disorders of globe,H4439
1226,Major laceration of heart with hemopericardium,S26022
1227,"Bipolar disorder, current episode depressed, mild",F3131
1228,Type 2 diabetes mellitus with neurological complications,E114
1229,"Other traumatic nondisplaced spondylolisthesis of third cervical vertebra, initial encounter for open fracture",S12251B
1230,Cerebral infarction due to thrombosis of right posterior cerebral artery,I63331
1231,"Laceration of unspecified blood vessel of thorax, subsequent encounter",S2591XD
1232,"Other specified injuries of unspecified foot, initial encounter",S99829A
1233,"Corrosion of unspecified degree of multiple sites of right ankle and foot, sequela",T25491S
1234,Type III traumatic spondylolisthesis of seventh cervical vertebra,S1264
1235,"Other nondisplaced fracture of fifth cervical vertebra, subsequent encounter for fracture with nonunion",S12491K
1236,"Poisoning by keratolytics, keratoplastics, and other hair treatment drugs and preparations, undetermined, subsequent encounter",T494X4D
1237,Burns involving 70-79% of body surface with 20-29% third degree burns,T3172
1238,Secondary esophageal varices,I851
1239,Other subluxation and dislocation of foot,S9333
1240,"Burn of unspecified degree of single left finger (nail) except thumb, initial encounter",T23022A
1241,"Fracture of bony thorax, part unspecified, sequela",S229XXS
1242,"Salter-Harris Type II physeal fracture of upper end of radius, left arm",S59122
1243,"Osteolysis, unspecified lower leg",M89569
1244,"Unspecified pedal cyclist injured in noncollision transport accident in traffic accident, subsequent encounter",V189XXD
1245,"Other fracture of right ilium, subsequent encounter for fracture with delayed healing",S32391G
1246,"Intentional self-harm by other hot objects, subsequent encounter",X778XXD
1247,"Nondisplaced fracture of acromial process, left shoulder",S42125
1248,"Osteomyelitis of vertebra, cervical region",M4622
1249,"Unilateral post-traumatic osteoarthritis, left hip",M1652
1250,"Pathological fracture in neoplastic disease, hand",M8454
1251,"Contact with powered woodworking and forming machines, sequela",W312XXS
1252,"Bitten or stung by nonvenomous insect and other nonvenomous arthropods, initial encounter",W57XXXA
1253,"Greenstick fracture of shaft of unspecified ulna, initial encounter for closed fracture",S52219A
1254,"Anterior displaced fracture of sternal end of unspecified clavicle, subsequent encounter for fracture with routine healing",S42013D
1255,"Chorioamnionitis, third trimester",O41123
1256,Toxic liver disease with chronic lobular hepatitis,K714
1257,"Injury of left internal carotid artery, intracranial portion, not elsewhere classified with loss of consciousness of 30 minutes or less, sequela",S06821S
1258,"Nondisplaced fracture of fourth metatarsal bone, left foot, subsequent encounter for fracture with nonunion",S92345K
1259,Toxic effect of nitrogen oxides,T590X
1260,Iliofemoral ligament sprain of hip,S7311
1261,Laceration without foreign body of right lesser toe(s) with damage to nail,S91214
1262,Other specified mosquito-borne viral fevers,A928
1263,Other non-ABO incompatibility reaction due to transfusion of blood or blood products,T80A9
1264,"Localized vascularization of cornea, unspecified eye",H16439
1265,Motorcycle driver injured in noncollision transport accident in nontraffic accident,V280
1266,"Partial physeal arrest, right distal humerus",M89127
1267,"Other paralytic strabismus, unspecified eye",H49889
1268,Other specified injury of popliteal vein,S8559
1269,Malignant neoplasm of uvula,C052
1270,Juvenile osteochondrosis of tarsus,M926
1271,"Other extraarticular fracture of lower end of left radius, subsequent encounter for open fracture type IIIA, IIIB, or IIIC with delayed healing",S52552J
1272,"Minor contusion of spleen, initial encounter",S36020A
1273,"Focal chorioretinal inflammation, juxtapapillary",H3001
1274,"Unspecified physeal fracture of unspecified metatarsal, subsequent encounter for fracture with routine healing",S99109D
1275,Underdosing of antihyperlipidemic and antiarteriosclerotic drugs,T466X6
1276,Corrosion of unspecified degree of ankle,T2541
1277,"Other fracture of shaft of left tibia, subsequent encounter for closed fracture with malunion",S82292P
1278,"Nondisplaced fracture of head of unspecified radius, subsequent encounter for closed fracture with routine healing",S52126D
1279,"Displaced fracture of triquetrum [cuneiform] bone, right wrist, subsequent encounter for fracture with nonunion",S62111K
1280,Other inflammatory spondylopathies,M46
1281,"Laceration of other specified muscles, fascia and tendons at thigh level, unspecified thigh, sequela",S76829S
1282,"Passenger in three-wheeled motor vehicle injured in collision with car, pick-up truck or van in traffic accident, subsequent encounter",V336XXD
1283,"Displaced dome fracture of unspecified acetabulum, subsequent encounter for fracture with routine healing",S32483D
1284,"Corrosion of first degree of left hand, unspecified site",T23502
1285,Acquired coagulation factor deficiency,D684
1286,"Crushing injury of scrotum and testis, sequela",S3802XS
1287,"Disorders of muscle in diseases classified elsewhere, left lower leg",M63862
1288,"Passenger in three-wheeled motor vehicle injured in collision with unspecified motor vehicles in nontraffic accident, initial encounter",V3910XA
1289,"Unspecified fracture of upper end of right ulna, subsequent encounter for open fracture type IIIA, IIIB, or IIIC with routine healing",S52001F
1290,"Unspecified Eustachian tube disorder, right ear",H6991
1291,"Penetrating wound without foreign body of left eyeball, sequela",S0562XS
1292,"Poisoning by other parasympatholytics [anticholinergics and antimuscarinics] and spasmolytics, intentional self-harm, initial encounter",T443X2A
1293,"Displaced segmental fracture of shaft of ulna, left arm, subsequent encounter for open fracture type IIIA, IIIB, or IIIC with nonunion",S52262N
1294,"Toxic nephropathy, not elsewhere classified",N144
1295,"Other specified complication of cardiac prosthetic devices, implants and grafts, sequela",T82897S
1296,Primary adrenocortical insufficiency,E271
1297,"Occupant of streetcar injured in collision with or hit by rolling stock, sequela",V822XXS
1298,Complete traumatic transphalangeal amputation of right index finger,S68610
1299,"Adverse effect of cannabis (derivatives), sequela",T407X5S
1300,Nondisplaced avulsion fracture of left ilium,S32315
1301,Nondisplaced fracture of lower epiphysis (separation) of unspecified femur,S72446
1302,"Stenosis of other vascular prosthetic devices, implants and grafts, initial encounter",T82858A
1303,"Unspecified injury of unspecified wrist, hand and finger(s), initial encounter",S6990XA
1304,"Other chronic osteomyelitis, right shoulder",M86611
1305,Other dentofacial anomalies,M2689
1306,"Other nondisplaced fracture of second cervical vertebra, initial encounter for closed fracture",S12191A
1307,"Unspecified open wound, right ankle, sequela",S91001S
1308,"Fracture of one rib, unspecified side, sequela",S2239XS
1309,"Sleep apnea, unspecified",G4730
1310,"Displaced fracture of epiphysis (separation) (upper) of right femur, subsequent encounter for closed fracture with delayed healing",S72021G
1311,"Age-related reticular degeneration of retina, bilateral",H35443
1312,"Unspecified fracture of sacrum, initial encounter for closed fracture",S3210XA
1313,"Person on outside of car injured in collision with pedestrian or animal in nontraffic accident, subsequent encounter",V402XXD
1314,"Pathological fracture in neoplastic disease, unspecified femur, subsequent encounter for fracture with routine healing",M84553D
1315,Alternating exotropia,H5015
1316,"Poisoning by monoamine-oxidase-inhibitor antidepressants, intentional self-harm, sequela",T431X2S
1317,"Poisoning by other antidysrhythmic drugs, undetermined, initial encounter",T462X4A
1318,"Superficial foreign body of vagina and vulva, subsequent encounter",S30854D
1319,Subluxation of tarsometatarsal joint of right foot,S93321
1320,Spacecraft explosion injuring occupant,V9545
1321,"Laceration with foreign body of right back wall of thorax with penetration into thoracic cavity, subsequent encounter",S21421D
1322,Acute myeloid leukemia with 11q23-abnormality in remission,C9261
1323,"External constriction of unspecified wrist, subsequent encounter",S60849D
1324,Osteochondrodysplasia with defects of growth of tubular bones and spine,Q77
1325,Pain in unspecified hip,M25559
1326,Other dermatopolymyositis with other organ involvement,M3319
1327,Corrosion of second degree of axilla,T2264
1328,"Other intraarticular fracture of lower end of right radius, subsequent encounter for open fracture type IIIA, IIIB, or IIIC with nonunion",S52571N
1329,"Periprosthetic fracture around internal prosthetic left elbow joint, sequela",M9742XS
1330,"Displaced Maisonneuve's fracture of right leg, initial encounter for open fracture type I or II",S82861B
1331,"Injury of right internal carotid artery, intracranial portion, not elsewhere classified with loss of consciousness of 31 minutes to 59 minutes",S06812
1332,Pyoderma gangrenosum,L88
1333,Laceration without foreign body of left little finger with damage to nail,S61317
1334,"Strain of muscle, fascia and tendon of lower back, sequela",S39012S
1335,"Puncture wound with foreign body of right eyelid and periocular area, sequela",S01141S
1336,"Displaced transverse fracture of shaft of unspecified femur, sequela",S72323S
1337,Drowning and submersion due to watercraft overturning,V900
1338,"Polyhydramnios, first trimester, fetus 2",O401XX2
1339,"Laceration with foreign body of unspecified ear, sequela",S01329S
1340,Superficial foreign body of left hand,S60552
1341,"Underdosing of other vaccines and biological substances, sequela",T50Z96S
1342,"Nondisplaced supracondylar fracture without intracondylar extension of lower end of left femur, sequela",S72455S
1343,"Derangement of posterior horn of lateral meniscus due to old tear or injury, right knee",M23251
1344,"Bent bone of unspecified radius, subsequent encounter for open fracture type IIIA, IIIB, or IIIC with nonunion",S52389N
1345,"Traumatic rupture of collateral ligament of right wrist, subsequent encounter",S63311D
1346,"Toxic effect of latex, undetermined",T65814
1347,"Displaced fracture of distal phalanx of unspecified finger, subsequent encounter for fracture with routine healing",S62639D
1348,Other subluxation of unspecified patella,S83093
1349,"Laceration with foreign body of left upper arm, initial encounter",S41122A
1350,"Nondisplaced bimalleolar fracture of unspecified lower leg, subsequent encounter for open fracture type I or II with nonunion",S82846M
1351,Unspecified fracture of upper end of tibia,S8210
1352,"Adverse effect of vitamins, initial encounter",T452X5A
1353,"Other mechanical complication of internal right hip prosthesis, initial encounter",T84090A
1354,"Arthritis due to other bacteria, hand",M0084
1355,"Contact with powered lawn mower, initial encounter",W28XXXA
1356,"Minor laceration of greater saphenous vein at hip and thigh level, unspecified leg, sequela",S75219S
1357,Contusion of left forearm,S5012
1358,"Fracture of unspecified shoulder girdle, part unspecified, sequela",S4290XS
1359,Car passenger injured in collision with van in traffic accident,V4364
1360,"Poisoning by antivaricose drugs, including sclerosing agents, intentional self-harm",T468X2
1361,"Poisoning by unspecified drugs, medicaments and biological substances, assault, initial encounter",T50903A
1362,Other viral diseases complicating pregnancy,O9851
1363,Unspecified atherosclerosis,I7090
1364,"Poisoning by local anesthetics, intentional self-harm, initial encounter",T413X2A
1365,"Displaced fracture of base of second metacarpal bone, right hand, initial encounter for open fracture",S62310B
1366,"Multiple fractures of ribs, left side, subsequent encounter for fracture with routine healing",S2242XD
1367,"Underdosing of other psychostimulants, subsequent encounter",T43696D
1368,"Infection and inflammatory reaction due to internal left hip prosthesis, subsequent encounter",T8452XD
1369,Mucocutaneous lymph node syndrome [Kawasaki],M303
1370,"Spontaneous rupture of flexor tendons, unspecified forearm",M66339
1371,Nodules of vocal cords,J382
1372,"Other displaced fracture of sixth cervical vertebra, initial encounter for open fracture",S12590B
1373,"Unspecified dislocation of right index finger, initial encounter",S63250A
1374,"Unspecified injury of muscle, fascia and tendon of the posterior muscle group at thigh level, unspecified thigh, subsequent encounter",S76309D
1375,"Displaced fracture of base of neck of unspecified femur, sequela",S72043S
1376,Burn of second degree of lower back,T2124
1377,Protozoal diseases complicating the puerperium,O9863
1378,Vogt-Koyanagi syndrome,H2082
1379,"Periprosthetic osteolysis of unspecified internal prosthetic joint, sequela",T84059S
1380,"Poisoning by other drugs acting on muscles, undetermined, subsequent encounter",T48294D
1381,"Low weight gain in pregnancy, first trimester",O2611
1382,"Choroidal degeneration, unspecified, right eye",H31101
1383,Corrosion of third degree of right lower leg,T24731
1384,"Nondisplaced unspecified fracture of right great toe, sequela",S92404S
1385,Injury of digital nerve of left middle finger,S64493
1386,Displaced lateral mass fracture of first cervical vertebra,S12040
1387,"Unspecified physeal fracture of lower end of left tibia, sequela",S89102S
1388,Corrosion of second degree of single left finger (nail) except thumb,T23622
1389,Sequelae of other nutritional deficiencies,E648
1390,Parainfluenza virus pneumonia,J122
1391,"Gastric contents in respiratory tract, part unspecified",T1791
1392,"Puncture wound with foreign body of unspecified external genital organs, female, sequela",S31542S
1393,Displaced fracture of right radial styloid process,S52511
1394,Pressure ulcer of back,L891
1395,"Subluxation of unspecified interphalangeal joint of unspecified thumb, initial encounter",S63123A
1396,Dry eye syndrome of bilateral lacrimal glands,H04123
1397,Unspecified superficial injury of scalp,S0000
1398,Encounter for screening for digestive system disorders,Z1381
1399,"War operations involving destruction of aircraft due to enemy fire or explosives, military personnel, sequela",Y36110S
1400,"Other osteonecrosis, pelvis and femur",M8785
1401,"Superficial frostbite of left hand, initial encounter",T33522A
1402,"Localization-related (focal) (partial) symptomatic epilepsy and epileptic syndromes with complex partial seizures, intractable",G4021
1403,"Burn of unspecified degree of right knee, sequela",T24021S
1404,"Other injury of flexor muscle, fascia and tendon of right little finger at forearm level, initial encounter",S56197A
1405,"Unspecified open wound of anus, subsequent encounter",S31839D
1406,"Injury of digital nerve of right little finger, sequela",S64496S
1407,Other specified injury of unspecified innominate or subclavian artery,S25199
1408,Pedal cycle driver injured in collision with pedestrian or animal in nontraffic accident,V100
1409,Unspecified injury of superior mesenteric vein,S35339
1410,Tuberculosis of spine,A1801
1411,"Displaced bicondylar fracture of left tibia, subsequent encounter for open fracture type IIIA, IIIB, or IIIC with nonunion",S82142N
1412,"Fibrous dysplasia (monostotic), unspecified lower leg",M85069
1413,"Leucocoria, left eye",H44532
1414,"Other specified disorders of cartilage, unspecified sites",M948X9
1415,"Nondisplaced fracture of distal phalanx of left ring finger, subsequent encounter for fracture with malunion",S62665P
1416,Other secondary osteonecrosis of unspecified carpus,M87339
1417,"Other juvenile arthritis, left hand",M08842
1418,Pedal cycle driver injured in collision with railway train or railway vehicle in nontraffic accident,V150
1419,"Blister (nonthermal) of left hand, initial encounter",S60522A
1420,Encounter for dental examination and cleaning,Z012
1421,"Unspecified foreign body in larynx causing other injury, initial encounter",T17308A
1422,"Poisoning by selective serotonin and norepinephrine reuptake inhibitors, intentional self-harm, subsequent encounter",T43212D
1423,"Corrosion of first degree of unspecified foot, sequela",T25529S
1424,"Open bite of left forearm, subsequent encounter",S51852D
1425,Non-pressure chronic ulcer of unspecified calf with unspecified severity,L97209
1426,Meconium plug syndrome,P760
1427,"Other displaced fracture of base of first metacarpal bone, right hand",S62231
1428,"Papyraceous fetus, second trimester, fetus 1",O3102X1
1429,Melanoma in situ of other sites,D038
1430,"Injury of left uterine artery, subsequent encounter",S35532D
1431,Dislocation of T9/T10 thoracic vertebra,S23153
1432,Crohn's disease of both small and large intestine with abscess,K50814
1433,"Primary blast injury of bronchus, unilateral",S27411
1434,Salter-Harris Type IV physeal fracture of metatarsal,S9914
1435,Vaginismus,N942
1436,Displaced fracture of olecranon process with intraarticular extension of unspecified ulna,S52033
1437,"Open bite of abdominal wall, unspecified quadrant without penetration into peritoneal cavity, initial encounter",S31159A
1438,Idiopathic aseptic necrosis of right finger(s),M87044
1439,"Maternal care for other rhesus isoimmunization, first trimester, fetus 5",O360915
1440,Pneumococcal arthritis and polyarthritis,M001
1441,"Calcific tendinitis, right upper arm",M65221
1442,"Motorcycle passenger injured in noncollision transport accident in nontraffic accident, sequela",V281XXS
1443,Other and unspecified metabolic disorders,E88
1444,"Vitreous prolapse, bilateral",H4303
1445,"Poisoning by other drugs, medicaments and biological substances, assault, subsequent encounter",T50993D
1446,"Displaced fracture of shaft of fourth metacarpal bone, left hand, initial encounter for closed fracture",S62325A
1447,"Struck by duck, subsequent encounter",W6162XD
1448,"Unspecified injury of right foot, subsequent encounter",S99921D
1449,Varicose veins of unspecified lower extremity with both ulcer other part of foot and inflammation,I83205
1450,"Laceration with foreign body of left ring finger with damage to nail, sequela",S61325S
1451,"Other skateboard accident, subsequent encounter",V00138D
1452,"Medial subluxation of proximal end of tibia, right knee, subsequent encounter",S83131D
1453,"Food in pharynx causing asphyxiation, subsequent encounter",T17220D
1454,Other stimulant abuse with stimulant-induced psychotic disorder,F1515
1455,"Secondary osteoarthritis, unspecified ankle and foot",M19279
1456,"Displaced bicondylar fracture of left tibia, subsequent encounter for open fracture type I or II with nonunion",S82142M
1457,Grey baby syndrome,P930
1458,"Displaced fracture of medial condyle of unspecified tibia, subsequent encounter for open fracture type I or II with malunion",S82133Q
1459,"Poisoning by, adverse effect of and underdosing of other and unspecified agents primarily affecting the cardiovascular system",T469
1460,"Displaced fracture of medial condyle of unspecified humerus, sequela",S42463S
1461,"Infective myositis, right lower leg",M60061
1462,"Other injury of intrinsic muscle, fascia and tendon of right ring finger at wrist and hand level",S66594
1463,"Accidental drowning and submersion while in natural water, subsequent encounter",W69XXXD
1464,"Puncture wound with foreign body of unspecified elbow, initial encounter",S51049A
1465,"Dislocation of interphalangeal joint of right great toe, initial encounter",S93111A
1466,"Monteggia's fracture of unspecified ulna, subsequent encounter for closed fracture with malunion",S52279P
1467,"Paracoccidioidomycosis, unspecified",B419
1468,"Displaced transverse fracture of shaft of right radius, subsequent encounter for closed fracture with nonunion",S52321K
1469,Encounter for respirator [ventilator] dependence during power failure,Z9912
1470,Military deployment status,Z5682
1471,"Injury of femoral nerve at hip and thigh level, left leg, sequela",S7412XS
1472,Exposure of graft of urinary organ,T8325
1473,"Toxic effect of corrosive alkalis and alkali-like substances, accidental (unintentional), sequela",T543X1S
1474,"Nondisplaced fracture of lesser trochanter of right femur, subsequent encounter for open fracture type I or II with delayed healing",S72124H
1475,"Torus fracture of lower end of unspecified femur, subsequent encounter for fracture with malunion",S72479P
1476,"Other bursitis, not elsewhere classified, left hip",M71552
1477,Other ulcerative colitis with complications,K5181
1478,"Partial traumatic amputation at level between elbow and wrist, left arm",S58122
1479,"Nondisplaced fracture of distal phalanx of left ring finger, initial encounter for closed fracture",S62665A
1480,"Infection and inflammatory reaction due to internal fixation device of right radius, sequela",T84612S
1481,"Other osteoporosis with current pathological fracture, unspecified hand, sequela",M80849S
1482,"Subluxation of L4/L5 lumbar vertebra, initial encounter",S33140A
1483,"Adverse effect of stimulant laxatives, subsequent encounter",T472X5D
1484,"Glaucoma secondary to eye inflammation, bilateral, severe stage",H4043X3
1485,"Displaced fracture of base of fifth metacarpal bone, right hand",S62316
1486,Unspecified motorcycle rider injured in noncollision transport accident in nontraffic accident,V282
1487,"Other specified injury of unspecified muscle and tendon at ankle and foot level, left foot, sequela",S96992S
1488,"Complete transverse atypical femoral fracture, left leg, subsequent encounter for fracture with malunion",M84755P
1489,"Toxic effect of other halogen derivatives of aromatic hydrocarbons, undetermined, initial encounter",T537X4A
1490,"Nondisplaced fracture of acromial process, right shoulder, sequela",S42124S
1491,"Injury of acoustic nerve, right side, subsequent encounter",S0461XD
1492,"Poisoning by histamine H2-receptor blockers, undetermined, subsequent encounter",T470X4D
1493,"Displaced comminuted fracture of shaft of radius, left arm, initial encounter for open fracture type IIIA, IIIB, or IIIC",S52352C
1494,"Displaced fracture of left radial styloid process, sequela",S52512S
1495,"Nondisplaced supracondylar fracture with intracondylar extension of lower end of unspecified femur, subsequent encounter for closed fracture with routine healing",S72466D
1496,"Fracture of unspecified tarsal bone(s) of left foot, initial encounter for open fracture",S92202B
1497,"Person on outside of three-wheeled motor vehicle injured in collision with pedestrian or animal in traffic accident, sequela",V307XXS
1498,"Pulsating exophthalmos, left eye",H05262
1499,"Injury of left internal carotid artery, intracranial portion, not elsewhere classified with loss of consciousness of 1 hour to 5 hours 59 minutes, initial encounter",S06823A
1500,"Unspecified fracture of first metacarpal bone, right hand, sequela",S62201S
1501,"Major laceration of superior vena cava, subsequent encounter",S2522XD
1502,"Unspecified fracture of right lower leg, subsequent encounter for closed fracture with delayed healing",S8291XG
1503,"Corrosion of second degree of left thigh, initial encounter",T24612A
1504,Breakdown (mechanical) of coronary artery bypass graft,T82211
1505,Walked into lamppost,W2202
1506,"Monoarthritis, not elsewhere classified, right shoulder",M13111
1507,Traumatic rupture of left ulnar collateral ligament,S5332
1508,"Person injured in other specified (collision)(noncollision) transport accidents involving nonmotor vehicle (traffic), initial encounter",V879XXA
1509,"Other bursitis, not elsewhere classified, left wrist",M71532
1510,Jumping or diving into swimming pool striking water surface,W1651
1511,"Nondisplaced associated transverse-posterior fracture of right acetabulum, sequela",S32464S
1512,Cellulitis of toe,L0303
1513,"Displaced fracture of lateral condyle of unspecified femur, subsequent encounter for closed fracture with delayed healing",S72423G
1514,"Unspecified injury of dorsal vein of left foot, initial encounter",S95202A
1515,"Varicose veins of lower extremity in pregnancy, first trimester",O2201
1516,"Nondisplaced fracture of lateral condyle of right tibia, subsequent encounter for open fracture type IIIA, IIIB, or IIIC with delayed healing",S82124J
1517,"Struck by other mammals, subsequent encounter",W5582XD
1518,"Displaced segmental fracture of shaft of unspecified fibula, subsequent encounter for closed fracture with delayed healing",S82463G
1519,Pedal cycle driver injured in collision with other pedal cycle in traffic accident,V114
1520,"Salter-Harris Type I physeal fracture of upper end of unspecified femur, initial encounter for closed fracture",S79019A
1521,"Displacement of other urinary catheter, initial encounter",T83028A
1522,"Illness, unspecified",R69
1523,Traumatic rupture of unspecified ligament of right middle finger at metacarpophalangeal and interphalangeal joint,S63402
1524,"Adverse effect of salicylates, sequela",T39095S
1525,"Other injury of unspecified kidney, subsequent encounter",S37099D
1526,"Other injury of intrinsic muscle, fascia and tendon of left index finger at wrist and hand level, initial encounter",S66591A
1527,Other cervical disc degeneration,M503
1528,"Posterior dislocation of left sternoclavicular joint, subsequent encounter",S43225D
1529,"Pyemic and septic embolism in pregnancy, third trimester",O88313
1530,"Displaced segmental fracture of shaft of ulna, unspecified arm, subsequent encounter for open fracture type IIIA, IIIB, or IIIC with delayed healing",S52263J
1531,"Displaced fracture of unspecified ulna styloid process, initial encounter for open fracture type IIIA, IIIB, or IIIC",S52613C
1532,Failure of sterile precautions during other surgical and medical care,Y628
1533,"Strain of flexor muscle, fascia and tendon of right little finger at forearm level, sequela",S56117S
1534,Other iridocyclitis,H208
1535,"Activity, running",Y9302
1536,Nondisplaced fracture of unspecified tibial tuberosity,S82156
1537,"Other fracture of fourth metacarpal bone, left hand",S62395
1538,Corrosions involving 90% or more of body surface with 20-29% third degree corrosion,T3292
1539,"Hyperlipidemia, unspecified",E785
1540,"Contusion of unspecified index finger without damage to nail, sequela",S60029S
1541,"Acute peptic ulcer, site unspecified, without hemorrhage or perforation",K273
1542,"Orbital myositis, bilateral",H05123
1543,Congenital absence of (ear) auricle,Q160
1544,"Corrosion of unspecified degree of right hand, unspecified site, initial encounter",T23401A
1545,"Displaced oblique fracture of shaft of left femur, subsequent encounter for closed fracture with delayed healing",S72332G
1546,Other specified abnormal products of conception,O028
1547,"Other fracture of left talus, initial encounter for closed fracture",S92192A
1548,Corrosion of unspecified degree of ankle and foot,T254
1549,"Other injuries of lung, unilateral, sequela",S27391S
1550,"Strain of intrinsic muscle, fascia and tendon of right index finger at wrist and hand level, subsequent encounter",S66510D
1551,Unspecified occupant of pick-up truck or van injured in collision with pedestrian or animal in traffic accident,V509
1552,Dislocation of other and unspecified parts of lumbar spine and pelvis,S333
1553,Liver transplant status,Z944
1554,Insufficient anterior guidance,M2654
1555,"Passenger on bus injured in noncollision transport accident in traffic accident, sequela",V786XXS
1556,"Toxic effect of venom of other spider, accidental (unintentional), initial encounter",T63391A
1557,"Laceration with foreign body of left ring finger with damage to nail, subsequent encounter",S61325D
1558,Other superficial bite of unspecified upper arm,S40879
1559,"Displaced fracture of right ulna styloid process, subsequent encounter for open fracture type I or II with nonunion",S52611M
1560,"Chalazion unspecified eye, unspecified eyelid",H0019
1561,"Insect bite (nonvenomous) of right middle finger, sequela",S60462S
1562,"Poisoning by, adverse effect of and underdosing of nonopioid analgesics, antipyretics and antirheumatics",T39
1563,"Unspecified fracture of lower end of unspecified femur, subsequent encounter for open fracture type I or II with delayed healing",S72409H
1564,"Displaced oblique fracture of shaft of left fibula, subsequent encounter for open fracture type I or II with malunion",S82432Q
1565,"Person boarding or alighting a pick-up truck or van injured in collision with railway train or railway vehicle, initial encounter",V554XXA
1566,"Exposure to other inanimate mechanical forces, initial encounter",W499XXA
1567,Non-pressure chronic ulcer of unspecified part of unspecified lower leg with unspecified severity,L97909
1568,Unspecified dislocation of right patella,S83004
1569,Postmenopausal bleeding,N950
1570,"Nondisplaced fracture of left tibial tuberosity, initial encounter for closed fracture",S82155A
1571,"Salter-Harris Type I physeal fracture of lower end of radius, right arm, subsequent encounter for fracture with nonunion",S59211K
1572,"Infection and inflammatory reaction due to other prosthetic device, implant and graft in genital tract, initial encounter",T8369XA
1573,"Unspecified subluxation of left hip, subsequent encounter",S73002D
1574,Injury of median nerve at wrist and hand level,S641
1575,Carcinoma in situ of tongue,D0007
1576,"Burn of unspecified degree of right upper arm, subsequent encounter",T22031D
1577,Coalworker's pneumoconiosis,J60
1578,"Poisoning by mixed antiepileptics, undetermined",T425X4
1579,"Total perforations of tympanic membrane, unspecified ear",H72829
1580,"Poisoning by, adverse effect of and underdosing of tetracyclines",T364
1581,"Hair causing external constriction, sequela",W4901XS
1582,"Unspecified injury of flexor muscle, fascia and tendon of left middle finger at forearm level, initial encounter",S56104A
1583,"Open bite of right thumb with damage to nail, initial encounter",S61151A
1584,Non-pressure chronic ulcer of other part of left lower leg with necrosis of muscle,L97823
1585,"Other mechanical complication of internal fixation device of bone of left lower leg, sequela",T84197S
1586,"Displaced fracture of proximal phalanx of unspecified thumb, subsequent encounter for fracture with routine healing",S62513D
1587,"Nondisplaced fracture of proximal phalanx of right little finger, sequela",S62646S
1588,"Other stimulant use, unspecified with stimulant-induced anxiety disorder",F15980
1589,"Other fracture of shaft of left humerus, subsequent encounter for fracture with nonunion",S42392K
1590,Hypertrophy of tongue papillae,K143
1591,Anterior subluxation and dislocation of ulnohumeral joint,S5311
1592,Fall from other flat-bottomed pedestrian conveyance,V00381
1593,Disturbances in tooth formation,K004
1594,"Spondylolisthesis, lumbar region",M4316
1595,Nondisplaced fracture of medial wall of right acetabulum,S32474
1596,"Posterior subluxation of left ulnohumeral joint, subsequent encounter",S53122D
1597,Unspecified open wound of right forearm,S51801
1598,"Other mechanical complication of implanted penile prosthesis, sequela",T83490S
1599,"Thyrotoxicosis, unspecified without thyrotoxic crisis or storm",E0590
1600,Personal history of other infectious and parasitic diseases,Z8619
1601,Other paralytic syndrome following nontraumatic intracerebral hemorrhage affecting left dominant side,I69162
1602,"Displaced transverse fracture of shaft of humerus, right arm, sequela",S42321S
1603,"Toxic effect of venom of bees, undetermined, subsequent encounter",T63444D
1604,"Anterior dislocation of proximal end of tibia, left knee, subsequent encounter",S83115D
1605,Nondisplaced subtrochanteric fracture of left femur,S7225
1606,Teething syndrome,K007
1607,"Abrasion of anus, sequela",S30817S
1608,"Discitis, unspecified, site unspecified",M4640
1609,Unspecified sequelae of nontraumatic intracerebral hemorrhage,I6910
1610,"Other osteoporosis with current pathological fracture, left lower leg, subsequent encounter for fracture with malunion",M80862P
1611,"Toxic effect of venom of bees, undetermined, subsequent encounter",T63444D
1612,"Pathological fracture in neoplastic disease, other specified site, initial encounter for fracture",M8458XA
1613,"Intentional self-harm by unspecified firearm discharge, sequela",X749XXS
1614,"Nondisplaced oblique fracture of shaft of left tibia, subsequent encounter for open fracture type IIIA, IIIB, or IIIC with routine healing",S82235F
1615,Other conditions of integument specific to newborn,P83
1616,Malignant neoplasm of vagina,C52
1617,"Laceration of muscle, fascia and tendon of abdomen",S39021
1618,"Vitreomacular adhesion, right eye",H43821
1619,Nonrheumatic tricuspid valve disorders,I36
1620,Dieulafoy lesion (hemorrhagic) of stomach and duodenum,K3182
1621,"Secondary osteoarthritis, hand",M1924
1622,"Burn of first degree of right hand, unspecified site",T23101
1623,"Pedal cycle passenger injured in collision with car, pick-up truck or van in traffic accident, initial encounter",V135XXA
1624,"Nondisplaced fracture of shaft of first metacarpal bone, right hand",S62244
1625,Fracture of femur,S72
1626,"Other myositis, right lower leg",M60861
1627,"Other specified injury of superficial vein at shoulder and upper arm level, unspecified arm, initial encounter",S45399A
1628,"Other specified injury of right vertebral artery, sequela",S15191S
1629,Frostbite with tissue necrosis of left hand,T34522
1630,"Other disorders of bone development and growth, unspecified site",M8920
1631,"Cracked nipple associated with pregnancy, third trimester",O92113
1632,"Laceration of extensor muscle, fascia and tendon of right middle finger at wrist and hand level",S66322
1633,"Displaced fracture of greater tuberosity of unspecified humerus, sequela",S42253S
1634,"Disease of jaws, unspecified",M279
1635,Simultaneous visual perception without fusion,H5333
1636,Blister (nonthermal) of unspecified elbow,S50329
1637,"Abrasion, left knee, initial encounter",S80212A
1638,"Child neglect or abandonment, suspected, sequela",T7602XS
1639,"Other private fixed-wing aircraft fire injuring occupant, subsequent encounter",V9524XD
1640,"Fall on same level from slipping, tripping and stumbling with subsequent striking against other object, subsequent encounter",W01198D
1641,"Unspecified open wound of penis, subsequent encounter",S3120XD
1642,"Strain of extensor muscle, fascia and tendon of right index finger at wrist and hand level, sequela",S66310S
1643,Garden or yard on military base as the place of occurrence of the external cause,Y92137
1644,"Unspecified retinal break, right eye",H33301
1645,"Retinopathy of prematurity, stage 2, right eye",H35131
1646,"Unspecified subluxation of unspecified ulnohumeral joint, sequela",S53103S
1647,"Displaced fracture of third metatarsal bone, left foot, initial encounter for closed fracture",S92332A
1648,"Unspecified nondisplaced fracture of second cervical vertebra, subsequent encounter for fracture with nonunion",S12101K
1649,Superficial foreign body of right front wall of thorax,S20351
1650,Unspecified superficial injury of right hand,S60921
1651,Other dislocation of unspecified patella,S83096
1652,Postprocedural cerebrovascular infarction,I9782
1653,"Poisoning by other narcotics, assault, initial encounter",T40693A
1654,Burn of first degree of thumb (nail),T2311
1655,"Nondisplaced fracture of shaft of second metacarpal bone, right hand, initial encounter for open fracture",S62350B
1656,"Cutaneous abscess of back [any part, except buttock]",L02212
1657,"Osteomyelitis of vertebra, thoracic region",M4624
1658,Problems in relationship with spouse or partner,Z630
1659,"Toxic effect of contact with venomous frog, undetermined, initial encounter",T63814A
1660,"Nondisplaced fracture of second metatarsal bone, unspecified foot, initial encounter for open fracture",S92326B
1661,"Displaced avulsion fracture of tuberosity of right calcaneus, sequela",S92031S
1662,"Poisoning by barbiturates, accidental (unintentional), sequela",T423X1S
1663,Injury of dorsal vein of foot,S952
1664,"Rheumatoid arthritis without rheumatoid factor, unspecified ankle and foot",M06079
1665,"Minor laceration of femoral vein at hip and thigh level, right leg, subsequent encounter",S75111D
1666,Ocular laceration without prolapse or loss of intraocular tissue,S053
1667,"Other complication of vascular dialysis catheter, subsequent encounter",T8249XD
1668,"Driver of heavy transport vehicle injured in collision with other nonmotor vehicle in traffic accident, sequela",V665XXS
1669,Fatigue fracture of vertebra,M484
1670,Animal-rider or occupant of animal-drawn vehicle injured in collision with pedal cycle,V802
1671,Puncture wound with foreign body of left hand,S61442
1672,"Sprain of metatarsophalangeal joint of unspecified great toe, initial encounter",S93523A
1673,"Other specified injury of superficial palmar arch of left hand, subsequent encounter",S65292D
1674,"Contracture, hip",M2455
1675,"Pauciarticular juvenile rheumatoid arthritis, left shoulder",M08412
1676,"Nondisplaced fracture of body of hamate [unciform] bone, unspecified wrist",S62146
1677,Complex febrile convulsions,R5601
1678,"External constriction, right great toe",S90441
1679,"Burn of unspecified degree of unspecified multiple fingers (nail), including thumb",T23049
1680,Encounter for screening for other infectious and parasitic diseases,Z118
1681,"Displaced fracture of olecranon process with intraarticular extension of right ulna, subsequent encounter for open fracture type IIIA, IIIB, or IIIC with nonunion",S52031N
1682,"Bent bone of left radius, subsequent encounter for open fracture type IIIA, IIIB, or IIIC with nonunion",S52382N
1683,Other meningococcal infections,A398
1684,"Exposure to smoke in controlled fire, not in building or structure, subsequent encounter",X031XXD
1685,"Poisoning by coronary vasodilators, intentional self-harm",T463X2
1686,"Adverse effect of macrolides, subsequent encounter",T363X5D
1687,"Unspecified car occupant injured in collision with other motor vehicles in traffic accident, subsequent encounter",V4969XD
1688,"Displaced segmental fracture of shaft of radius, right arm, subsequent encounter for open fracture type I or II with delayed healing",S52361H
1689,"Contact with other sharp object(s), not elsewhere classified, initial encounter",W268XXA
1690,"Puncture wound with foreign body of larynx, initial encounter",S11014A
1691,Non-pressure chronic ulcer of buttock with necrosis of bone,L98414
1692,"Unspecified injury of unspecified carotid artery, subsequent encounter",S15009D
1693,"Puncture wound with foreign body, right foot, sequela",S91341S
1694,"Other physeal fracture of upper end of left femur, subsequent encounter for fracture with routine healing",S79092D
1695,"Person injured while boarding or alighting from other special all-terrain or other off-road motor vehicle, initial encounter",V8649XA
1696,"Diffuse acute infarction of intestine, part unspecified",K55062
1697,"Displaced fracture of medial condyle of unspecified femur, subsequent encounter for open fracture type IIIA, IIIB, or IIIC with delayed healing",S72433J
1698,"Minor laceration of left innominate or subclavian artery, sequela",S25112S
1699,"Unspecified injury of muscle and tendon of front wall of thorax, subsequent encounter",S29001D
1700,"Driver of pick-up truck or van injured in collision with pedestrian or animal in nontraffic accident, initial encounter",V500XXA
1701,"Other specified injury of unspecified muscles, fascia and tendons at thigh level, unspecified thigh, sequela",S76999S
1702,"Disorder of copper metabolism, unspecified",E8300
1703,"Spermatocele of epididymis, single",N4341
1704,"Other displaced fracture of base of first metacarpal bone, right hand, initial encounter for closed fracture",S62231A
1705,"Unspecified fracture of the lower end of right radius, sequela",S52501S
1706,Other ulcerative colitis with other complication,K51818
1707,"Poisoning by other general anesthetics, intentional self-harm, initial encounter",T41292A
1708,"Unspecified injury of intrinsic muscle, fascia and tendon of unspecified finger at wrist and hand level, sequela",S66509S
1709,"Complete traumatic amputation of left shoulder and upper arm, level unspecified, subsequent encounter",S48912D
1710,"Burn of second degree of unspecified palm, initial encounter",T23259A
1711,"Displaced fracture of neck of unspecified radius, subsequent encounter for open fracture type IIIA, IIIB, or IIIC with delayed healing",S52133J
1712,"Salter-Harris Type IV physeal fracture of lower end of left tibia, subsequent encounter for fracture with malunion",S89142P
1713,"Contusion of unspecified little finger without damage to nail, sequela",S60059S
1714,"Collapsed vertebra, not elsewhere classified, lumbosacral region, subsequent encounter for fracture with delayed healing",M4857XG
1715,"Toxic effect of other specified noxious substances eaten as food, accidental (unintentional), sequela",T628X1S
1716,Puncture wound without foreign body of toe with damage to nail,S9123
1717,"Nondisplaced comminuted fracture of shaft of left tibia, initial encounter for closed fracture",S82255A
1718,Superior glenoid labrum lesion of unspecified shoulder,S43439
1719,Traumatic hemorrhage of right cerebrum with loss of consciousness of unspecified duration,S06349
1720,"Lattice degeneration of retina, unspecified eye",H35419
1721,"Pressure ulcer of unspecified ankle, unspecified stage",L89509
1722,"Other synovitis and tenosynovitis, right lower leg",M65861
1723,"Unspecified sprain of right thumb, initial encounter",S63601A
1724,"Other specified pregnancy related conditions, second trimester",O26892
1725,Stenosis of lacrimal sac,H0457
1726,Corrosion of first degree of left lower leg,T24532
1727,"Unspecified fracture of head of unspecified femur, subsequent encounter for closed fracture with malunion",S72059P
1728,"Nondisplaced transverse fracture of shaft of unspecified fibula, initial encounter for open fracture type IIIA, IIIB, or IIIC",S82426C
1729,"Salter-Harris Type III physeal fracture of phalanx of unspecified toe, initial encounter for open fracture",S99239B
1730,"Glaucoma secondary to other eye disorders, unspecified eye, mild stage",H4050X1
1731,"Type AB blood, Rh positive",Z6730
1732,"Urinary catheterization as the cause of abnormal reaction of the patient, or of later complication, without mention of misadventure at the time of the procedure",Y846
1733,"Laceration of flexor muscle, fascia and tendon of left ring finger at forearm level, sequela",S56126S
1734,Malignant neoplasm of breast,C50
1735,"Unspecified fracture of upper end of unspecified ulna, initial encounter for open fracture type IIIA, IIIB, or IIIC",S52009C
1736,"Partial traumatic transphalangeal amputation of right little finger, sequela",S68626S
1737,"Nondisplaced intertrochanteric fracture of right femur, subsequent encounter for closed fracture with routine healing",S72144D
1738,Ulcer of esophagus,K221
1739,"Other fracture of lower end of right tibia, subsequent encounter for closed fracture with delayed healing",S82391G
1740,"Terrorism involving destruction of aircraft, terrorist injured",Y381X3
1741,"Puncture wound without foreign body, right hip",S71031
1742,"Sprain of joints and ligaments of unspecified parts of head, subsequent encounter",S039XXD
1743,"Type 2 diabetes mellitus with severe nonproliferative diabetic retinopathy without macular edema, unspecified eye",E113499
1744,"Aneurysmal bone cyst, unspecified hand",M85549
1745,"Felty's syndrome, elbow",M0502
1746,Corneal abscess,H1631
1747,"Nondisplaced fracture of shaft of left clavicle, subsequent encounter for fracture with delayed healing",S42025G
1748,"Puncture wound with foreign body of right little finger with damage to nail, sequela",S61346S
1749,"Other specified disorders of bone density and structure, lower leg",M8586
1750,Secondary malignant neoplasm of left adrenal gland,C7972
1751,"Chronic postrheumatic arthropathy [Jaccoud], ankle and foot",M1207
1752,Corrosion of unspecified degree of multiple sites of right wrist and hand,T23491
1753,"Terrorism involving other explosions and fragments, civilian injured, subsequent encounter",Y382X2D
1754,"Nondisplaced fracture of lateral condyle of left tibia, subsequent encounter for open fracture type I or II with delayed healing",S82125H
1755,"Displaced transverse fracture of shaft of right fibula, subsequent encounter for closed fracture with routine healing",S82421D
1756,"Flail joint, unspecified hand",M25249
1757,Beach as the place of occurrence of the external cause,Y92832
1758,"Unspecified fracture of upper end of right radius, subsequent encounter for open fracture type IIIA, IIIB, or IIIC with malunion",S52101R
1759,Cerebral infarction due to embolism of right vertebral artery,I63111
1760,Other specified deforming dorsopathies,M438X
1761,"Unspecified sprain of left hip, sequela",S73102S
1762,"Displaced fracture of shaft of first metacarpal bone, left hand",S62242
1763,Polyp of nasal cavity,J330
1764,"Unspecified injury of other part of colon, sequela",S36508S
1765,"War operations, unspecified",Y3690
1766,"Burn of first degree of right ear [any part, except ear drum], subsequent encounter",T20111D
1767,"Complete traumatic amputation of right hip and thigh, level unspecified",S78911
1768,"Burn of first degree of multiple sites of unspecified lower limb, except ankle and foot, subsequent encounter",T24199D
1769,Myelodysplastic syndromes,D46
1770,"Other fracture of left lower leg, initial encounter for open fracture type IIIA, IIIB, or IIIC",S82892C
1771,Laceration of right renal vein,S35414
1772,Sprain of tibiofibular ligament of unspecified ankle,S93439
1773,"Salter-Harris Type IV physeal fracture of upper end of humerus, left arm, subsequent encounter for fracture with malunion",S49042P
1774,"Nondisplaced fracture of shaft of third metacarpal bone, right hand",S62352
1775,"Commercial fixed-wing aircraft collision injuring occupant, sequela",V9533XS
1776,"Nondisplaced fracture of unspecified ulna styloid process, subsequent encounter for open fracture type I or II with nonunion",S52616M
1777,"Maternal care for abnormality of vulva and perineum, unspecified trimester",O3470
1778,"Burn of internal genitourinary organs, subsequent encounter",T283XXD
1779,"Displaced transverse fracture of shaft of left femur, subsequent encounter for closed fracture with nonunion",S72322K
1780,"Retained (nonmagnetic) (old) foreign body in lens, right eye",H44731
1781,"Other age-related incipient cataract, right eye",H25091
1782,"Maternal care for other isoimmunization, first trimester, fetus 1",O361911
1783,Osteitis deformans of left ankle and foot,M88872
1784,"Other specified diabetes mellitus with severe nonproliferative diabetic retinopathy without macular edema, bilateral",E133493
1785,"Other complications following immunization, not elsewhere classified, subsequent encounter",T881XXD
1786,Other specified disorders of right middle ear and mastoid in diseases classified elsewhere,H7581
1787,"Adverse effect of peripheral vasodilators, initial encounter",T467X5A
1788,Sprain of other specified parts of unspecified knee,S838X9
1789,"Torus fracture of upper end of right ulna, initial encounter for closed fracture",S52011A
1790,"Shock due to anesthesia, sequela",T882XXS
1791,Angiodysplasia of stomach and duodenum with bleeding,K31811
1792,"Legal intervention involving unspecified firearm discharge, law enforcement official injured, sequela",Y35001S
1793,"Stress fracture, unspecified femur",M84353
1794,"Toxic effect of hydrogen cyanide, assault, subsequent encounter",T573X3D
1795,"Other fracture of shaft of radius, right arm, subsequent encounter for open fracture type IIIA, IIIB, or IIIC with nonunion",S52391N
1796,"Occupant of animal-drawn vehicle injured in collision with other animal-drawn vehicle, subsequent encounter",V80721D
1797,"Congenital absence of ovary, unilateral",Q5001
1798,Underdosing of unspecified agents primarily affecting the gastrointestinal system,T4796
1799,"Adverse effect of hydantoin derivatives, subsequent encounter",T420X5D
1800,Underdosing of local anesthetics,T413X6
1801,Fall from heelies,V00151
1802,Other cerebral infarction,I638
1803,Other obesity due to excess calories,E6609
1804,Accidental puncture and laceration of the spleen during other procedure,D7812
1805,Malignant neoplasm of other endocrine glands and related structures,C75
1806,"Explosion and rupture of other gas cylinder, subsequent encounter",W368XXD
1807,"Puncture wound without foreign body, right hip, sequela",S71031S
1808,"Disorders of visual pathways in (due to) inflammatory disorders, unspecified side",H47519
1809,"Contusion of left front wall of thorax, sequela",S20212S
1810,"Pathological fracture, other site, initial encounter for fracture",M8448XA
1811,"Aneurysmal bone cyst, unspecified thigh",M85559
1812,Non-pressure chronic ulcer of left thigh with fat layer exposed,L97122
1813,Nondisplaced intertrochanteric fracture of right femur,S72144
1814,"Polyhydramnios, second trimester, fetus 1",O402XX1
1815,"Polyglandular dysfunction, unspecified",E319
1816,Breakdown (mechanical) of cardiac pulse generator (battery),T82111
1817,"Military operations involving biological weapons, civilian, sequela",Y376X1S
1818,Diabetes mellitus due to underlying condition with proliferative diabetic retinopathy with traction retinal detachment not involving the macula,E08353
1819,"Triplets, some liveborn",Z3761
1820,Toxic effect of venom of other African and Asian snake,T6308
1821,"Retinopathy of prematurity, stage 2, right eye",H35131
1822,Pyothorax,J86
1823,"Simple chronic conjunctivitis, bilateral",H10423
1824,"Adhesions due to foreign body accidentally left in body following aspiration, puncture or other catheterization, subsequent encounter",T81516D
1825,"Legal intervention involving injury by explosive shell, law enforcement official injured, sequela",Y35121S
1826,Penetrating wound of orbit with or without foreign body,S054
1827,"Vomiting of pregnancy, unspecified",O219
1828,"Hemorrhage due to genitourinary prosthetic devices, implants and grafts, subsequent encounter",T8383XD
1829,"Other fracture of lower end of unspecified tibia, subsequent encounter for open fracture type IIIA, IIIB, or IIIC with malunion",S82399R
1830,Infective myocarditis,I400
1831,"Displaced fracture of lower epiphysis (separation) of left femur, subsequent encounter for closed fracture with nonunion",S72442K
1832,Phonological disorder,F800
1833,"Fracture of unspecified tarsal bone(s) of right foot, subsequent encounter for fracture with routine healing",S92201D
1834,Injury of ulnar nerve at wrist and hand level of left arm,S6402
1835,"Puncture wound with foreign body of right wrist, subsequent encounter",S61541D
1836,"Other intraarticular fracture of lower end of unspecified radius, subsequent encounter for closed fracture with nonunion",S52579K
1837,"Unspecified superficial injury of other finger, sequela",S60948S
1838,"Bloodstream infection due to central venous catheter, sequela",T80211S
1839,"Underdosing of carbonic-anhydrase inhibitors, benzothiadiazides and other diuretics, sequela",T502X6S
1840,Garage of other non-institutional residence as the place of occurrence of the external cause,Y92094
1841,"Poisoning by other drugs acting on muscles, assault, initial encounter",T48293A
1842,"Corrosion of second degree of multiple sites of left lower limb, except ankle and foot, sequela",T24692S
1843,"Other mechanical complication of infusion catheter, initial encounter",T82594A
1844,"Legal intervention involving injury by rifle pellet, suspect injured, sequela",Y35033S
1845,"Corrosion of third degree of left thumb (nail), sequela",T23712S
1846,"Laceration of other specified muscles and tendons at ankle and foot level, right foot, sequela",S96821S
1847,"Unspecified injury of muscle, fascia and tendon of abdomen, sequela",S39001S
1848,"Continuing pregnancy after spontaneous abortion of one fetus or more, unspecified trimester, not applicable or unspecified",O3110X0
1849,"Nondisplaced fracture of second metatarsal bone, left foot, subsequent encounter for fracture with malunion",S92325P
1850,"Toxic effect of contact with Portugese Man-o-war, intentional self-harm",T63612
1851,Bedroom in apartment as the place of occurrence of the external cause,Y92032
1852,"Salter-Harris Type IV physeal fracture of upper end of unspecified tibia, subsequent encounter for fracture with delayed healing",S89049G
1853,"Partial traumatic amputation of left hand at wrist level, subsequent encounter",S68422D
1854,"Inhalation of liquid air, sequela",W9312XS
1855,Multiple myeloma,C900
1856,Nondisplaced bicondylar fracture of right tibia,S82144
1857,"Puncture wound without foreign body, right foot, initial encounter",S91331A
1858,"Frostbite with tissue necrosis of right hand, subsequent encounter",T34521D
1859,"Bucket-handle tear of lateral meniscus, current injury, right knee, initial encounter",S83251A
1860,"Osteopathy after poliomyelitis, left thigh",M89652
1861,"Subluxation of distal interphalangeal joint of right thumb, sequela",S63141S
1862,"Nondisplaced segmental fracture of shaft of left femur, subsequent encounter for open fracture type IIIA, IIIB, or IIIC with nonunion",S72365N
1863,"Toxic effect of unspecified pesticide, undetermined, initial encounter",T6094XA
1864,"Unspecified fracture of shaft of right tibia, subsequent encounter for open fracture type I or II with nonunion",S82201M
1865,"Crushing injury of unspecified thumb, initial encounter",S6700XA
1866,Spastic hemiplegia affecting left dominant side,G8112
1867,"Burn of first degree of right shoulder, subsequent encounter",T22151D
1868,"Spinal instabilities, site unspecified",M532X9
1869,"Neuromuscular scoliosis, thoracic region",M4144
1870,"Acute pancreatitis with uninfected necrosis, unspecified",K8591
1871,"Toxic effect of unspecified halogen derivatives of aliphatic and aromatic hydrocarbons, intentional self-harm, initial encounter",T5392XA
1872,"Unspecified open wound of other finger with damage to nail, sequela",S61308S
1873,Hypo-osmolality and hyponatremia,E871
1874,Nonmedicinal substance allergy status,Z9104
1875,"Open bite of thyroid gland, subsequent encounter",S1115XD
1876,Unspecified foreign body in pharynx causing other injury,T17208
1877,"Other fracture of lower end of unspecified ulna, subsequent encounter for closed fracture with nonunion",S52699K
1878,"War operations involving unspecified explosion and fragments, military personnel, subsequent encounter",Y36200D
1879,"Poisoning by unspecified hormones and synthetic substitutes, accidental (unintentional)",T38801
1880,"Asphyxiation due to being trapped in a (discarded) refrigerator, accidental, sequela",T71231S
1881,"Toxic effect of venom of bees, accidental (unintentional)",T63441
1882,Laceration without foreign body of finger with damage to nail,S6131
1883,"Nondisplaced fracture of neck of right radius, subsequent encounter for open fracture type IIIA, IIIB, or IIIC with delayed healing",S52134J
1884,"Unspecified fracture of right talus, subsequent encounter for fracture with routine healing",S92101D
1885,Phlebitis and thrombophlebitis of unspecified tibial vein,I80239
1886,"Unspecified injury of deep palmar arch of right hand, subsequent encounter",S65301D
1887,"Ganglion, unspecified hip",M67459
1888,Puncture wound with foreign body of trachea,S11024
1889,Acute recurrent maxillary sinusitis,J0101
1890,"Salter-Harris Type II physeal fracture of upper end of right tibia, subsequent encounter for fracture with nonunion",S89021K
1891,Other migraine,G438
1892,"Other secondary chronic gout, unspecified ankle and foot",M1A479
1893,"Toxic effect of other specified substances, undetermined, sequela",T65894S
1894,"Poisoning by, adverse effect of and underdosing of immunoglobulin",T50Z1
1895,"Osteonecrosis in diseases classified elsewhere, unspecified hand",M90549
1896,Other specified joint disorders,M258
1897,Unspecified cirrhosis of liver,K7460
1898,"Glaucoma secondary to drugs, unspecified eye, mild stage",H4060X1
1899,Atypical virus infections of central nervous system,A81
1900,Unspecified dislocation of unspecified thumb,S63106
1901,Acquired partial absence of pancreas,Z90411
1902,"Unspecified occupant of special agricultural vehicle injured in nontraffic accident, initial encounter",V849XXA
1903,Cocaine dependence with cocaine-induced anxiety disorder,F14280
1904,"Fracture of unspecified metatarsal bone(s), right foot",S92301
1905,"Injury of acoustic nerve, unspecified side, initial encounter",S0460XA
1906,"Displaced transverse fracture of shaft of right ulna, subsequent encounter for open fracture type I or II with nonunion",S52221M
1907,Other symptoms and signs involving emotional state,R4589
1908,"Infantile and juvenile nuclear cataract, bilateral",H26033
1909,"Laceration without foreign body of left lesser toe(s) without damage to nail, subsequent encounter",S91115D
1910,"Unspecified injury of intrinsic muscle, fascia and tendon of left index finger at wrist and hand level",S66501
1911,Secondary malignant neoplasm of unspecified part of nervous system,C7940
1912,"Injury of left internal carotid artery, intracranial portion, not elsewhere classified with loss of consciousness of 30 minutes or less",S06821
1913,"Injury of ulnar nerve at forearm level, unspecified arm, sequela",S5400XS
1914,Candidal otitis externa,B3784
1915,"Toxic effect of other alcohols, undetermined",T518X4
1916,"Displaced fracture of medial phalanx of left lesser toe(s), subsequent encounter for fracture with nonunion",S92522K
1917,Traumatic amputation of one toe,S981
1918,"Varus deformity, not elsewhere classified, ankle",M2117
1919,"Partial traumatic metacarpophalangeal amputation of other finger, subsequent encounter",S68128D
1920,"Traumatic subdural hemorrhage with loss of consciousness of unspecified duration, sequela",S065X9S
1921,"Unspecified superficial injury of left eyelid and periocular area, sequela",S00202S
1922,"Karyotype 46, X with abnormal sex chromosome, except iso (Xq)",Q962
1923,"Other specified injuries of left ankle, initial encounter",S99812A
1924,"Displaced fracture of navicular [scaphoid] of right foot, subsequent encounter for fracture with routine healing",S92251D
1925,"Displaced comminuted fracture of shaft of left fibula, subsequent encounter for open fracture type I or II with routine healing",S82452E
1926,"Scleromalacia perforans, unspecified eye",H15059
1927,"Unspecified injury of ovary, bilateral, subsequent encounter",S37402D
1928,"Unspecified open wound of unspecified breast, initial encounter",S21009A
1929,"Strain of left Achilles tendon, initial encounter",S86012A
1930,Laceration of renal blood vessel,S3541
1931,Underdosing of drugs affecting uric acid metabolism,T504X6
1932,"Unspecified occipital condyle fracture, subsequent encounter for fracture with nonunion",S02113K
1933,"Hypothermia of newborn, unspecified",P809
1934,Unspecified foreign body in pharynx causing other injury,T17208
1935,Perineocele,N8181
1936,"Pathological fracture in other disease, left radius, sequela",M84634S
1937,"Displaced transverse fracture of shaft of right tibia, initial encounter for open fracture type IIIA, IIIB, or IIIC",S82221C
1938,"Other injury to person on ground due to air transport accident, subsequent encounter",V9739XD
1939,"Laceration of axillary artery, right side, initial encounter",S45011A
1940,"Laceration with foreign body of unspecified finger with damage to nail, subsequent encounter",S61329D
1941,Other superficial bite of thigh,S7037
1942,"Obturator dislocation of left hip, subsequent encounter",S73025D
1943,Lichen sclerosus et atrophicus,L900
1944,"Contact with explosive material, undetermined intent, sequela",Y25XXXS
1945,"Burn of second degree of multiple sites of head, face, and neck, sequela",T2029XS
1946,"Poisoning by unspecified drugs, medicaments and biological substances, assault, sequela",T50903S
1947,NIHSS score 41,R29741
1948,Unspecified open wound of unspecified back wall of thorax with penetration into thoracic cavity,S21409
1949,Other specified myopathies,G7289
1950,"Displaced fracture of middle third of navicular [scaphoid] bone of right wrist, initial encounter for closed fracture",S62021A
1951,"Refractory anemia, unspecified",D464
1952,"Unspecified injury of radial artery at forearm level, left arm, sequela",S55102S
1953,"Child psychological abuse, confirmed",T7432
1954,"Displaced fracture of lower epiphysis (separation) of unspecified femur, subsequent encounter for open fracture type IIIA, IIIB, or IIIC with malunion",S72443R
1955,"Nondisplaced fracture of body of unspecified calcaneus, subsequent encounter for fracture with delayed healing",S92016G
1956,"Other specific joint derangements of ankle and foot, not elsewhere classified",M2487
1957,Partial placenta previa without hemorrhage,O442
1958,"Other specific arthropathies, not elsewhere classified",M128
1959,"Motorcycle rider (driver) (passenger) injured in other specified transport accidents, initial encounter",V2988XA
1960,"Other fracture of third lumbar vertebra, initial encounter for open fracture",S32038B
1961,"Displaced unspecified fracture of unspecified lesser toe(s), subsequent encounter for fracture with delayed healing",S92503G
1962,"Injury of flexor muscle, fascia and tendon of thumb at forearm level",S560
1963,"Poisoning by other topical agents, intentional self-harm, subsequent encounter",T498X2D
1964,Subluxation of metacarpophalangeal joint of other finger,S63218
1965,"Barton's fracture of right radius, subsequent encounter for open fracture type IIIA, IIIB, or IIIC with nonunion",S52561N
1966,Anagen effluvium,L651
1967,"Lead-induced gout, right ankle and foot",M10171
1968,"Acute follicular conjunctivitis, bilateral",H10013
1969,Other mitochondrial metabolism disorders,E8849
1970,"Displaced Maisonneuve's fracture of right leg, subsequent encounter for open fracture type I or II with nonunion",S82861M
1971,Other disorder of circulatory system,I998
1972,Hallucinogen abuse with intoxication with delirium,F16121
1973,"Unspecified trochanteric fracture of unspecified femur, subsequent encounter for open fracture type I or II with routine healing",S72109E
1974,"Burn of unspecified degree of multiple sites of right ankle and foot, sequela",T25091S
1975,"Displaced supracondylar fracture without intracondylar extension of lower end of left femur, subsequent encounter for open fracture type IIIA, IIIB, or IIIC with nonunion",S72452N
1976,"Other specified injuries of right hip, subsequent encounter",S79811D
1977,"Diabetes mellitus due to underlying condition with proliferative diabetic retinopathy with traction retinal detachment not involving the macula, left eye",E083532
1978,"Unspecified injury of blood vessel of unspecified finger, subsequent encounter",S65509D
1979,"Retinopathy of prematurity, unspecified, left eye",H35102
1980,Sick sinus syndrome,I495
1981,Segmental fracture of shaft of humerus,S4236
1982,Postprocedural seroma of a circulatory system organ  or structure following a circulatory system procedure,I9764
1983,Congenital stenosis and stricture of bile ducts,Q443
1984,Cicatricial ectropion of right lower eyelid,H02112
1985,"Monteggia's fracture of right ulna, initial encounter for open fracture type IIIA, IIIB, or IIIC",S52271C
1986,"Laceration of other extensor muscle, fascia and tendon at forearm level, right arm, sequela",S56521S
1987,"Nondisplaced fracture of lunate [semilunar], right wrist, subsequent encounter for fracture with nonunion",S62124K
1988,"Other bursal cyst, unspecified shoulder",M71319
1989,Chronic superficial gastritis with bleeding,K2931
1990,"Displaced transverse fracture of shaft of unspecified femur, subsequent encounter for open fracture type IIIA, IIIB, or IIIC with routine healing",S72323F
1991,33 weeks gestation of pregnancy,Z3A33
1992,Atherosclerotic heart disease of native coronary artery with unstable angina pectoris,I25110
1993,"Displaced apophyseal fracture of left femur, subsequent encounter for closed fracture with routine healing",S72132D
1994,"Cannabis use, unspecified with psychotic disorder with hallucinations",F12951
1995,Moderate laceration of heart with hemopericardium,S26021
1996,"Nondisplaced fracture of base of unspecified metacarpal bone, subsequent encounter for fracture with nonunion",S62349K
1997,"Fracture of one rib, unspecified side, initial encounter for open fracture",S2239XB
1998,"Egg (Oocyte) donor age 35 and over, designated recipient",Z52813
1999,"Unspecified juvenile rheumatoid arthritis, shoulder",M0801
2000,"Sprain of tibiofibular ligament of right ankle, initial encounter",S93431A
