1001,HEPARIN SODIUM,Cardinal Health
1002,Naproxen Sodium,Supervalu Inc
1003,Aluminum Zirconium Octachlorohydrex Gly,Procter & Gamble Manufacturing Company
1004,Diltiazem Hydrochloride,"Watson Pharma, Inc."
1005,ENALAPRIL MALEATE,"PD-Rx Pharmaceuticals, Inc."
1006,Hand Wash,"Xiamen Anna Global Co., Ltd"
1007,azithromycin,Apotex Corp.
1008,risperidone,Clinical Solutions Wholesale
1009,sumatriptan succinate,SUN PHARMACEUTICAL INDUSTRIES LIMITED
1010,"acetaminophen, dextromethorphan hbr, guaifenesin, phenylephrine hcl",Kmart Corporation
1011,Fentanyl,"Sandoz,Inc."
1012,Rosuvastatin calcium,Rebel Distributors Corp
1013,diltiazem hydrochloride,"Physicians Total Care, Inc."
1014,"BENZALKONIUM CHLORIDE, LIDOCAINE, WATER, ISOPROPYL ALCOHOL, ASPIRIN",K Mart
1015,Hydroxyzine,"Golden State Medical Supply, Inc."
1016,Benazepril Hydrochloride and Hydrochlorothiazide,"Eon Labs, Inc."
1017,Famotidine,"Shopko Stores Operating Co., LLC"
1018,Ethyl Alcohol,Greenbrier International Inc.
1019,Lorazepam,"Preferred Pharmaceuticals, Inc."
1020,Rocky Mountain Juniper,"Nelco Laboratories, Inc."
1021,Phenylephrine HCl,Cantrell Drug Company
1022,"piperonyl butoxide, pyrethrum extract","Bob Barker Company, Inc."
1023,Ondansetron Hydrochloride,"Preferred Pharmaceuticals, Inc."
1024,Clam,"Antigen Laboratories, Inc."
1025,NITROGEN,"PURITY CYLINDER GASES, INC."
1026,Strophanthus Nicotiana,Uriel Pharmacy Inc.
1027,"HOMOSALATE, OXYBENZONE, OCTISALATE, AVOBENZONE, OCTOCRYLENE",AMWAY CORP.
1028,Oregon Ash,"Nelco Laboratories, Inc."
1029,Titanium Dioxide and Zinc Oxide,"Stila Styles, LLC"
1030,"Arsenic Trioxide, Belladonna Leaf, Ipecac, Potassium Carbonate, Lobelia Inflata, Sodium Sulfate, Silicon Dioxide","Natural Creations, Inc."
1031,"Acetaminophen, Diphenhydramine HCl","EQUATE (Walmart Stores, Inc.)"
1032,Metformin Hydrochloride,"Glenmark Generics Inc., USA"
1033,Chloroxylenol,"GOJO Industries, Inc."
1034,Alteplase,"Genentech, Inc."
1035,Triamterene and Hydrochlorothiazide,STAT Rx USA LLC
1036,Hydromorphone HCl,Cantrell Drug Company
1037,Ceftazidime,"WG Critical Care, LLC"
1038,CALCIUM CARBONATE,North Safety Products
1039,oxycodone hydrochloride and acetaminophen,Cardinal Health
1040,SALICYLIC ACID,"GUANGZHOU BAIYUNSHAN PHARMACEUTICAL CO., LTD. BAIYUNSHAN HEJIGONG PHARMACEUTICAL FACTORY"
1041,"Abies Nigra, Antimonium Crudum, Asafoetida, Baptisia Tinctoria, Borax, Candida Albicans, Lachesis Mutus, Phosphoricum Acidum, Phytolacca Decandra, Pulsatilla, Sticta Pulmonaria, Sulphur, Thuja Occidentalis","Ionx Holdings d/b/a HelloLife, Inc."
1042,methocarbamol,Clinical Solutions Wholesale
1043,Methadone Hydrochloride,Lake Erie Medical DBA Quality Care Products LLC
1044,TITANIUM DIOXIDE and ZINC OXIDE,NeoStrata Company Inc.
1045,One Seed Juniper,"Nelco Laboratories, Inc."
1046,Fluoxetine Capsules,McKesson Packaging Services Business Unit of McKesson Corporation
1047,triclocarban,United Exchange Corp
1048,Levofloxacin,"PD-Rx Pharmaceuticals, Inc."
1049,"Naphazoline hydrochloride, Polysorbate 80",Rohto-Mentholatum (Vietnam) Co. Ltd.
1050,Triclosan,Ecolab Inc.
1051,Titanium Dioxide and Zinc Oxide,Bare Escentuals Beauty Inc.
1052,"Dextromethorphan Hydrobromide, GUAIFENESIN",Premier Value
1053,Diphenhydramine Hydrochloride,Walgreen Company
1054,Nortriptyline Hydrochloride,Unit Dose Services
1055,"Pyrogenium, Arsenicum alb.,Baptisia, Bryonia, Cinchona, Collinsonia, Iodium, Iris versicolor, Lachesis, Lycopodium, Nat. carb.,Nat.mur.,Nux vom., Phosphorus, Podoph. pelt., Pulsatilla, Rhus toxicodendron, Dioscorea, Echinacea, Urtica ur.","Newton Laboratories, Inc."
1056,Tobramycin and Dexamethasone,Rebel Distributors Corp
1057,hydrocortisone,Supervalu Inc
1058,Chlorpromazine Hydrochloride,REMEDYREPACK INC.
1059,Glyburide,Teva Pharmaceuticals USA Inc
1060,Isoniazid,"Eon Labs, Inc."
1061,Pyrithione Zinc,Procter & Gamble Manufacturing Co.
1062,morphine sulfate,Mylan Pharmaceuticals Inc.
1063,Baclofen,Major Pharmaceuticals
1064,Rat Epithelium,"Nelco Laboratories, Inc."
1065,Gabapentin,"AvKARE, Inc."
1066,CALCIUM FLUORIDE,Washington Homeopathic Products
1067,mycophenilic acid,Mylan Institutional Inc.
1068,Telmisartan and Hydrochlorothiazide,"Lupin Pharmaceuticals, Inc."
1069,Beef Liver,"Nelco Laboratories, Inc."
1070,zinc oxide and Cocoa Butter,"Camellix, LLC"
1071,Propranolol Hydrochloride,"Golden State Medical Supply, Inc."
1072,chlorhexidine gluconate and isopropyl alcohol,CareFusion 213 LLC
1073,HELIUM,Air Source Industries Inc
1074,Diphenhydramine hydrochloride and Zinc acetate,Amerisource Bergen
1075,"Acetaminophen, Pheniramine Maleate, Phenylephrine HCl",Chain Drug Marketing Association
1076,"Diphenhydramine citrate, Ibuprofen",Cardinal Health
1077,TITANIUM DIOXIDE and ZINC OXIDE,NeoStrata Company Inc.
1078,Octinoxate Octisalate Oxybenzone,Laboratoire Dr Renaud inc.
1079,camphor,Indiana Botanic Gardens
1080,Peppermint,Caldwell Consumer Health LLC
1081,CLONAZEPAM,STAT Rx USA LLC
1082,Fremont Cottonwood,"Nelco Laboratories, Inc."
1083,Metoprolol Tartrate,Unit Dose Services
1084,"Acetaminophen, dextromethorphan HBr, doxylamine succinate, phenylephrine HCl",Supervalu Inc
1085,Triamterene and Hydrochlorothiazide,Unit Dose Services
1086,"magnesium aluminosilicates, magnesium hydroxide, simethicone","Sato Pharmaceutical Co., Ltd."
1087,Glycerin,"NATURE REPUBLIC CO., LTD."
1088,"ARSENICUM ALBUM,PLANTAGO MAJOR,THUJA OCCIDENTALIS,TABACUM,STAPHYSAGRIA,SACCHARUM OFFICINALE,DAPHNE INDICA,NUX VOMICA,NICOTINUM,LOBELIA INFLATA,KALI PHOSPHORICUM,EUGENIA JAMBOSA,CARBOLICUM ACIDUM,CALADIUM SEGUINUM,",White Manufacturing Inc. DBA Micro-West
1089,DOXERCALCIFEROL,Genzyme Corporation
1090,montelukast sodium,Rebel Distributors Corp
1091,Guaifenesin,Cardinal Health
1092,Oxygen,"BayCare Home Care, Inc."
1093,Capsaicin,"Concept Laboratories, Inc."
1094,Gabapentin,NorthStar Rx LLC
1095,TOPIRAMATE,REMEDYREPACK INC.
1096,penicillin G benzathine and penicillin G procaine,Pfizer Laboratories Div Pfizer Inc
1097,"OCTINOXATE, TITANIUM DIOXIDE, OCTISALATE","TONYMOLY CO., LTD."
1098,P-AMINOPHENOL,"Modlina Cosmetics Co., Ltd"
1099,Butalbital Acetaminophen and Caffeine,Lake Erie Medical DBA Quality Care Products LLC
1100,hydrocodone bitartrate and acetaminophen,"Magna Pharmaceuticals, Inc."
1101,TETRAHYDROZOLINE HYDROCHLORIDE,Fougera Pharmaceuticals Inc.
1102,Date,"Nelco Laboratories, Inc."
1103,Clonidine Hydrochloride,Actavis Elizabeth LLC
1104,Guaifenesin,L Perrigo Company
1105,hydrocortisone,Duane Reade
1106,Mupirocin,REMEDYREPACK INC.
1107,clonazepam,Accord Healthcare Inc.
1108,Lorazepam,"Physicians Total Care, Inc."
1109,SULFUR,"Rodan & Fields, LLC."
1110,Red Snapper,"Nelco Laboratories, Inc."
1111,ALCOHOL,"Greenbrier International, Inc."
1112,OXYGEN,B&J Welding Supply LTD
1113,"Ethyl Alcohol, Salicylic Acid, Benzocaine",Efficient Laboratories Inc.
1114,divalproex sodium,Mylan Pharmaceutical Inc.
1115,Diphenhydramine HCl,Preferred Plus (Kinray)
1116,"Carisoprodol, Aspirin and Codeine Phosphate",Mirror Pharmaceuticals LLC
1117,Aspirin,P and L Development of New York Corporation (ReadyInCase)
1118,Benzalkonium chloride,"Delta Brands, Inc"
1119,DIMETHICONE,Conopco Inc. d/b/a Unilever
1120,TAMSULOSIN HYDROCHLORIDE,Major Pharmaceuticals
1121,Malt,"Nelco Laboratories, Inc."
1122,Foot and Sneaker Spray,CVS Pharmacy
1123,Salicylic acid,The Mentholatum Company
1124,"Acetaminophen, Dextromethorphan Hydrobromide, Guaifenesin, and Phenylephrine Hydrochloride","McNeil Consumer Healthcare Div. McNeil-PPC, Inc"
1125,tobramycin,Lake Erie Medical DBA Quaity Care Products LLC
1126,Octinoxate,L'Oreal USA Products Inc
1127,Hydrochlorothiazide,ReadyMeds
1128,"TITANIUM DIOXIDE, OCTINOXATE, ZINC OXIDE","THEFACESHOP CO., LTD"
1129,Oxygen,Deaconess Home Services dba Deaconess Home Medical Equipment & Infusion
1130,Loperamide Hydrochloride,"Dispensing Solutions, Inc."
1131,"cadmium iodide, fucus vesiculosus, iodine, chondrus crispus, radium bromide, strontium, thyroid, bovine and thyroid, porcine",VIATREXX BIO INCORPORATED
1132,Glipizide and Metformin Hydrochloride,"Physicians Total Care, Inc."
1133,"Neomycin Sulfate, Polymyxin B Sulfate, Hydrocortisone","Physicians Total Care, Inc."
1134,Pantoprazole Sodium,State of Florida DOH Central Pharmacy
1135,"Aconitum nap, Arnica, Chamomilla, Passiflora, Scutellaria, Citric acid, corn starch, potassium sorbate, sucrose","Native Remedies, LLC"
1136,ALUMINUM HYDROXIDE and MAGNESIUM CARBONATE,SOHM Inc.
1137,NICOTINE,"Novartis Consumer Health, Inc."
1138,miglitol,Pharmacia and Upjohn Company
1139,fesoterodine fumarate,"Physicians Total Care, Inc."
1140,Rosmarinus Argentum,Uriel Pharmacy Inc.
1141,"Abrotanum, Boldo, Chelidonium Majus, Cimicifuga Racemosa, Convallaria Majalis, Kali Phosphoricum, Taraxacum Officinale","BioActive Nutritional, Inc."
1142,Egg Yolk,"Nelco Laboratories, Inc."
1143,Pseudoephedrine Hydrochloride and Triprolidine Hydrochloride,"Cypress Pharmaceutical, Inc."
1144,HYPERICUM PERFORATUM,Washington Homeopathic Products
1145,testosterone cypionate,Pharmacia and Upjohn Company
1146,TITANIUM DIOXIDE,"GOWOONSESANG COSMETICS CO., LTD."
1147,Lisinopril,Accord Healthcare Inc.
1148,Triclosan,"SJ Creations, Inc."
1149,TOPICAL STARCH,KJI Industrial Co Ltd
1150,insulin detemir,"Dispensing Solutions, Inc."
1151,"Eucalyptol, menthol, methyl salicylate, thymol",Walgreen Co
1152,enoxaparin sodium,sanofi-aventis U.S. LLC
1153,TRICLOCARBAN,"Bradford Soap Works, Inc."
1154,"Aconitum napellus, Angelica archangelica, Argentum nitricum, Arnica montana, Calendula officinalis, Cimicifuga racemosa, Cistus canadensis, Clematis vitalba, flos, Hypericum perforatum, Impatiens glandulifera, flos, Nitricum acidum, Ornithogalum umbellatum, Prunus cerasifera, flos, Pulsatilla",King Bio Inc.
1155,benzoyl peroxide,The Mentholatum Company
1156,Temozolomide,"Physicians Total Care, Inc."
1157,Cultivated Oat,"Nelco Laboratories, Inc."
1158,DIMETHICONE,"NATURE REPUBLIC CO., LTD."
1159,PYRITHIONE ZINC,SUPERVALU INC
1160,LISINOPRIL AND HYDROCHLOROTHIAZIDE,Lake Erie Medical & Surgical Supply DBA Quality Care Products LLC
1161,"acetaminophen, dextromethorphan hydrobromide and doxylamine succinate",Major Pharmaceuticals
1162,Bisacodyl,"Western Family Foods, Inc."
1163,bisoprolol fumarate and hydrochlorothiazide,"Unichem Pharmaceuticals (USA), Inc."
1164,interferon alfa-2b,Merck Sharp & Dohme Corp.
1165,TITANIUM DIOXIDE,"GOWOONSESANG COSMETICS CO., LTD."
1166,"AVOBENZONE, OXYBENZONE, OCTYL METHOXYCINNAMATE",Lanocorp Pacific Ltd
1167,Smelt,"Nelco Laboratories, Inc."
1168,ALCOHOL,"Greenbrier International, Inc."
1169,Lamotrigine,Lake Erie Medical & Surgical Supply DBA Quality Care Products LLC
1170,Felodipine,"Glenmark Generics, Inc. USA"
1171,"Acetaminophen, Dextromethorphan Hydrobromide, Guaifenesin, and Phenylephrine Hydrochloride","McNeil Consumer Healthcare Div. McNeil-PPC, Inc"
1172,Penicillin V Potassium,"PD-Rx Pharmaceuticals, Inc."
1173,metformin hydrochloride,Major Pharmaceuticals
1174,"Padimate O, Petrolatum",Cardinal Health (Leader)
1175,Captopril,Bryant Ranch Prepack
1176,lamivudine,GlaxoSmithKline LLC
1177,Berberis Oxalis,Uriel Pharmacy Inc.
1178,albuterol sulfate,REMEDYREPACK INC.
1179,Raloxifene Hydrochloride,Camber Pharmaceuticals Inc
1180,tobramycin and dexamethasone,"Alcon Laboratories, Inc."
1181,Metyrapone,Laboratoire HRA Pharma
1182,TRICLOSAN,AMERICAN SALES COMPANY
1183,Acetaminophen,Cardinal Health
1184,"bacitracin zinc, neomycin sulfate and polymyxin b sulfate",Kinray Inc.
1185,RISEDRONATE SODIUM,Warner Chilcott Pharmaceuticals Inc.
1186,"Calc Sulph 30c, Dulcamara 30c, Euphrasia 30c, Gelsemium 30c, Graphites 30c, Hepar Sulph 30c, Hydrastis 30c, Kali Bich 30c, Kali Iodatum 30c, Lycopodium 30c, Medorrhinum 30c, Mercurius Sol 30c, Nux Vomica 30c, Pulsatilla 30c, Silicea 30c, Thuja 30c",Home Sweet Homeopathics
1187,Cyclobenzaprine Hydrochloride,"Aphena Pharma Solutions - Tennessee, LLC"
1188,Alcohol,Hanover Pen Corp dba HPC Global
1189,Yellow Dock,"Nelco Laboratories, Inc."
1190,Magnesium Salicylate Tetrahydrate,"L.N.K. International, Inc."
1191,Erythromycin,"Arbor Pharmaceuticals, Inc."
1192,Pyrithione Zinc,DZA Brands LLC
1193,"Guaifenesin, Dextromethorphan HBr",P and L Development of New York Corporation (ReadyInCase)
1194,Ranitidine,Preferred Plus (Kinray)
1195,Saline,Hannaford Brothers Company
1196,Cefazolin,Cardinal Health
1197,SIMETHICONE,Walgreens
1198,Tramadol Hydrochloride,REMEDYREPACK INC.
1199,Fluconazole,Dr. Reddy's Laboratories Limited
1200,Menthol,Pharmaceutics Corporation
1201,Triclosan,"Evonik Stockhausen, LLC"
1202,Risperidone,Hikma Pharmaceutical
1203,Mirtazapine,Apotex Corp.
1204,Sweet Gum,"Nelco Laboratories, Inc."
1205,Prednisone,Perrigo Pharmaceuticals Company
1206,Oxymetazoline hydrochloride,"MSD Consumer Care, Inc."
1207,MENTHOL and CAMPHOR (SYNTHETIC),"Concept Laboratories, Inc."
1208,Acetaminophen,H E B
1209,Primidone,West-ward Pharmaceutical Corp
1210,Metformin Hydrochloride,Lake Erie Medical DBA Quality Care Products LLC
1211,Promethazine Hydrochloride,REMEDYREPACK INC.
1212,Wart Remover Gel Pen,Walgreen Company
1213,benzphetamine hydrochloride,A-S Medication Solutions LLC
1214,RHUS TOXICODENDRON,HOMEOLAB USA INC
1215,Dimethicone,Rise Global Products
1216,Prochlorperazine Maleate,Aidarex Pharmaceuticals LLC
1217,Natures Antibac Peppermint,CleanWell
1218,psyllium husk,Sunmark
1219,"TITANIUM DIOXIDE, ZINC OXIDE",Boscia LLC
1220,Levetiracetam,"Exelan Pharmaceuticals, Inc."
1221,Acetaminophen,CVS Pharmacy
1222,Oxycodone Hydrochloride,Zydus Pharmaceuticals (USA) Inc.
1223,"Aconite 30c, Ambrosia 30c, Castanea Sativa 30c, Chelidonium 30c, Cuprum Aceticum 30c, Dulcamara 30c, Hepar Sulph 30c, Hydrocyanicum 30c, Hyoscyamus 30c, Kali Bich 30c Kali Mur 30c Lobelia30c, Mag Phos. 30c, Naphtha 30c, Sepia 30c, Trifolium 30c, Justicia 30c",Home Sweet Homeopathics
1224,PREGABALIN,Unit Dose Services
1225,"carboxymethylcellulose sodium, glycerin, polysorbate 80","Allergan, Inc."
1226,"TITANIUM DIOXIDE, ZINC OXIDE, ARBUTIN, ADENOSINE",WIZCOZ CORPORATION LTD
1227,Benzalkonium Chloride,"Jiangsu Province JianErKang Medical Dressing Co.,Ltd"
1228,"Acetaminophen, Dextromethorphan Hydrobromide, Phenylephrine Hydrochloride",Kroger
1229,Calcium Carbonate,Insight Pharmaceuticals
1230,Lenscale Quailbrush,"Nelco Laboratories, Inc."
1231,Octinoxate,Ventura Corporation LTD.
1232,Levonogestrel and Ethinyl Estradiol,"Physicians Total Care, Inc."
1233,Anticoagulant Citrate Phosphate Dextrose Adenine,"Fenwal, Inc."
1234,Arnica e pl. tota 2,Uriel Pharmacy Inc.
1235,DIMETHICONE,"Pharmicell Co., Ltd."
1236,alprazolam,Qualitest Pharmaceuticals
1237,MENTHOL,MICRO CONNECTION ENTERPRISES INC
1238,Ensulizole,Noxell
1239,Rose Bengal Sodium,Nomax Inc.
1240,Levothyroxine Sodium,"Preferred Pharmaceuticals, Inc"
1241,Petrolatum,"Avon Products, Inc."
1242,Methylphenidate Hydrochloride,Actavis South Atlantic LLC
1243,Methotrexate,Barr Laboratories Inc.
1244,Progesterone Injection,"PharmaForce, Inc."
1245,not applicable,"VitaMed, LLC"
1246,TITANIUM DIOXIDE,CHANEL PARFUMS BEAUTE
1247,Loperamide Hydrochloride,REMEDYREPACK INC.
1248,Clarithromycin,Aidarex Pharmaceuticals LLC
1249,POVIDONE-IODINE,"Genuine First Aid, LLC"
1250,Benzocaine,Benco Dental
1251,Zinc Oxide,PureTek Corporation
1252,Treatment Set TS349576,"Antigen Laboratories, Inc."
1253,DIMETHICONE,RITE AID CORPORATION
1254,"Myrrha, Trigonella Foenum Graecum, Pinus Sylvestris, Lymph, Spleen, Conium Maculatum, Echinacea","BioActive Nutritional, Inc."
1255,Metformin Hydrochloride,Greenstone LLC
1256,"Arsenic Trioxide, Calcium Carbonate, Strychnos Ignatii Seed, Potassium Carbonate, Lachesis Muta Venom, Sodium Chloride, Phosphorus, Pulsatilla","Natural Creations, Inc."
1257,"Titanium Dioxide, Zinc Oxide, and Octinoxate",Ventura Corporation LTD.
1258,Western White Pine,"Nelco Laboratories, Inc."
1259,"Avobenzone, Octisalate, Octocrylene, and Oxybenzone",Ventura International LTD.
1260,lorazepam,Mylan Institutional Inc.
1261,Salicylic Acid,"NSE Products, Inc."
1262,"Castanea vesca. Juniperus communis, Phytolacca decandra, Quercus glandium spiritus, Myosotis arvensis, Natrum sulphuricum, Ceanothus americanus,","Deseret Biologicals, Inc."
1263,risperidone,Cardinal Health
1264,ETHYL ALCOHOL,"Ningbo Dowland Daily Health Co., Ltd"
1265,Divalproex sodium,Rebel Distributors Corp
1266,telithromycin,sanofi-aventis U.S. LLC
1267,Potassium Chloride,"Watson Pharma, Inc."
1268,"carbidopa, levodopa, and entacapone",Novartis Pharmaceuticals Corporation
1269,CHLOROXYLENOL,JBC CORP
1270,American Beech,"Nelco Laboratories, Inc."
1271,Metoprolol succinate,Unit Dose Services
1272,Insomnia 2,Natural Health Supply
1273,Triazolam,"Roxane Laboratories, Inc."
1274,Sulfamethoxazole and Trimethoprim,REMEDYREPACK INC.
1275,clindamycin palmitate hydrochloride,Pharmacia and Upjohn Company
1276,"DEXTROMETHORPHAN HYDROBROMIDE, CHLORPHENIRAMINE MALEATE, and PHENYLEPHRINE HYDROCHLORIDE","EDWARDS PHARMACEUTICALS, INC."
1277,KETOROLAC TROMETHAMINE,STAT RX USA LLC
1278,"GALPHIMIA GLAUCA FLOWERING TOP, LUFFA OPERCULATA FRUIT, and SCHOENOCAULON OFFICINALE SEED","Matrixx Initiatives, Inc."
1279,METHADONE HYDROCHLORIDE,"Roxane Laboratories, Inc"
1280,Atenolol,AstraZeneca Pharmaceuticals LP
1281,Aspen,"ALK-Abello, Inc."
1282,Levetiracetam,Mylan Institutional LLC
1283,Naproxen Sodium,"Altura Pharmaceuticals, Inc."
1284,Cephalexin,"Preferred Pharmaceuticals, Inc."
1285,"Piperonyl butoxide, Pyrethrum extract",Family Dollar Services Inc
1286,DIVALPROEX SODIUM,WOCKHARDT LIMITED
1287,Pseudoephedrine hydrochloride,Rij Pharmaceutical Corporation
1288,tetrahydrozoline Hydrochloride,"Promex, LLC"
1289,Ampicillin,A-S Medication Solutions LLC
1290,Zinc Oxide,"Autumn Harp, Inc."
1291,Pravastatin Sodium,"AvKARE, Inc."
1292,"CODEINE PHOSPHATE, PHENYLEPHRINE HYDROCHLORIDE AND DIPHENHYDRAMINE HYDROCHLORIDE","CENTURION LABS, LLC"
1293,Lisinopril,"IVAX Pharmaceuticals, Inc."
1294,"Acetaminophen, Diphenhydramine HCl",H E B
1295,cyclosporine,"Physicians Total Care, Inc."
1296,SERTRALINE HYDROCHLORIDE,"Physicians Total Care, Inc."
1297,Oxymorphone Hydrochloride,Rebel Distributors Corp
1298,"Piperonyl Butoxide, Pyrethrum Extract",Family Dollar Services Inc
1299,"Althaea officinalis, Prunus virginiana, Inula helenium",Source Naturals
1300,Coagulation Factor VIIa (Recombinant),Novo Nordisk
1301,miconazole,Praelia Pharmaceuticals Inc
1302,Bismuth subsalicylate,Wakefern Food Corporation
1303,Jewelweed 20,Uriel Pharmacy Inc.
1304,benzoyl peroxide,Perrigo New York Inc
1305,POTASSIUM CHLORIDE,State of Florida DOH Central Pharmacy
1306,"Arnica montana, Bryonia, Causticum, Rhus toxicodendron, Ferrum phosphoricum,",Apotheca Company
1307,Rhizopus oryzae,"Nelco Laboratories, Inc."
1308,Octinoxate and Titanium dioxide,L'Oreal USA Products Inc
1309,Dimethicone,Rejoice International
1310,Tobramycin Sulfate,"Akorn, Inc."
1311,Ondansetron,"Amneal Pharmaceuticals of New York, LLC"
1312,sotalol hydrochloride,"Eon Labs, Inc."
1313,Cefazolin Sodium,Baxter Healthcare Corporation
1314,Oxygen,"Hawaii Home Infusion Associates, Ltd."
1315,Nicotine polacrilex,Meijer Distribution Inc
1316,"Bacitracin Zinc, Neomycin Sulfate, Polymyxin B Sulfate","New World Imports, Inc"
1317,Hydrochlorothiazide,Accord Healthcare Inc.
1318,LEUCOVORIN CALCIUM,"APP Pharmaceuticals, LLC"
1319,SALICYLIC ACID,Laboratoire Dr. Renaud
1320,PHENTERMINE HYDROCHLORIDE,"Apotheca, Inc."
1321,Irbesartan,Aurobindo Pharma Limited
1322,Terazosin,"NCS HealthCare of KY, Inc dba Vangard Labs"
1323,"Vitamin A, Vitamin C, Vitamin D, Vitamin E, Vitamin B1, Vitamin B2, Vitamin B12, Niacin, Vitamin B6, Fluoride","Boca Pharmacal, LLC"
1324,eszopiclone,Mylan Pharmaceuticals Inc.
1325,ALCOHOL,"GOJO Industries, Inc."
1326,LANOLIN AND PETROLATUM,RITE AID
1327,Dexamethasone,"Wockhardt USA, LLC"
1328,"Aralia racemosa, Sabal serrulata, Glandula suprarenalis suis, Orchitinum suis, Pituitaria glandula suis, Prostrate suis, Agnus castus,","Energique, Inc."
1329,Enfuvirtide,"Genentech, Inc."
1330,Dimethicone,PureTek Corporation
1331,"Alumen, Benzoicum acidum, Cadmium sulphuricum, Chelidonium majus, Colchicum autumnale, Dulcamara, Hypothalamus, Manganum aceticum, Mercurius solubilis, Natrum muriaticum, Nitricum acidum, Phosphorus, Ranunculus bulbosus, Rhododendron chrysanthum, Thyroidinum","Native Remedies, LLC"
1332,Ipratropium Bromide and Albuterol Sulfate,Sandoz Inc.
1333,Menthol Camphor,Delta Brands Inc
1334,"Arnica montana, Mercurius corrosivus, Sulphur iodatum, Thuja occidentalis, Urtica urens,","Liddell Laboratories, Inc."
1335,ethyl alcohol,Personal Care Products
1336,Perphenazine,REMEDYREPACK INC.
1337,Aluminum zirconium tetrachlorohydrex gly,Colgate Palmolive Company
1338,Temozolomide,Merck Sharp & Dohme Corp.
1339,Ethyl Alcohol,NATIONWIDE PROMOTIONS LLC
1340,POTASSIUM CHLORIDE,"Hospira, Inc."
1341,MULTIVITAMIN/MINERAL,"Medecor Pharma, LLC"
1342,"Antimonium Crudum, Belladonna, Calcarea Carbonica, Calcarea Fluorica, Calcarea Phosphorica, Hekla Lava, Mercurius Solubilis","BioActive Nutritional, Inc."
1343,Chlorpheniramine Maleate and Phenylephrine Hydrochloride,"Accudial Pharmaceutical, Inc."
1344,CYTARABINE,"APP Pharmaceuticals, LLC"
1345,Bahia Grass,"ALK-Abello, Inc."
1346,omega-3-acid ethyl esters A,Trygg Pharma Inc
1347,Ibuprofen,"Preferred Pharmaceuticals, Inc"
1348,Desogestrel and Ethinyl Estradiol,Barr Laboratories Inc.
1349,clonidine hydrochloride,St Marys Medical Park Pharmacy
1350,ALCOHOL,"SJ Creations, Inc."
1351,diatrizoate meglumine,BRACCO DIAGNOSTICS INC
1352,Ethyl alcohol,Innovation Specialties
1353,CHLOROXYLENOL,"Cosgrove Enterprises, Inc."
1354,Promethazine Hydrochloride,"PD-Rx Pharmaceuticals, Inc."
1355,"arnica montana, calendula officinalis flowering top, echinacea angustifolia, st. johns wort, silver, sulfur, allylthiourea and urtica urens",PRINCETON BIOTECHNOLOGY CORPORATION
1356,"Avobenzone, Homosalate, Octisalate, Octocrylene, and Oxybenzone",Neutrogena Corporation
1357,"FLUOXETINE HYDROCHLORIDE, CHOLINE",Physician Therapeutics LLC
1358,indomethacin,REMEDYREPACK INC.
1359,Potassium Chloride,Cardinal Health
1360,Zinc Oxide,"Arbonne International, LLC"
1361,Hydroxyzine Hydrochloride,"H.J. Harkins Company, Inc."
1362,nicotine polacrilex,Walgreens
1363,Testosterone,AbbVie Inc.
1364,Nystatin and Triamcinolone Acetonide,"Physicians Total Care, Inc."
1365,Atenolol,Ranbaxy Pharmaceuticals Inc.
1366,Menthol and Methyl Salicylate,"H.J. Harkins Company, Inc."
1367,BENZALKONIUM CHLORIDE,Artemis Bio-Solutions Inc
1368,hydrocodone bitartrate and acetaminophen,"FSC Laboratories, Inc"
1369,Oxygen,S & G Home Care dba R & M Transfill
1370,Methimazole,"NCS HealthCare of KY, Inc dba Vangard Labs"
1371,Marsh Elder Mixture,"Antigen Laboratories, Inc."
1372,Digoxin,"Lannett Company, Inc."
1373,Para Grass Pollen,"Nelco Laboratories, Inc."
1374,Nifedipine,"GAVIS Pharmaceuticals, LLC"
1375,octinoxate and oxybenzone,Guerlain
1376,mesalamine,Shire US Manufacturing Inc.
1377,Sodium monofluorophosphate,Shield Line LLC
1378,Ethambutol Hydrochloride,Cardinal Health
1379,Acetaminophen,Rebel Distributors Corp
1380,Alcohol,Woodbine Products Company
1381,Atomoxetine hydrochloride,"Physicians Total Care, Inc."
1382,Hydrocortisone,"Natureplex, LLC"
1383,"Uricum acidum, Benzoicum acidum, Berber. vulg., Bryonia, Cantharis, Carduus benedictus, Ceanothus, Chelidonium majus, Chionanthus virginica, Cinchona, Dioscorea, Dolichos, Iris versicolor, Juniperus com., Nux vom., Ptelea, Taraxacum, Carduus mar., Cynara scolymus, Solidago","Newton Laboratories, Inc."
1384,Alfuzosin Hydrochloride,"Physicians Total Care, Inc."
1385,Hydroquinone,Perrigo New York Inc
1386,Escitalopram,Lake Erie Medical DBA Quality Care Products LLC
1387,West Sycamore,"Nelco Laboratories, Inc."
1388,Amoxicillin,West-ward Pharmaceutical Corp
1389,Argentum Viscum,Uriel Pharmacy Inc.
1390,ADENOSINE,Wockhardt USA LLC.
1391,Warfarin Sodium,REMEDYREPACK INC.
1392,fraxinus americana pollen,"Allergy Laboratories, Inc."
1393,"Juglans regia, Myosotis arvensis, Scrophularia nodosa, Teucrium scorodonia, Veronica officinalis, Equisetum arvense, Fumaria officinalis, Geranium robertianum, Nasturtium aquaticum,","Deseret Biologicals, Inc."
1394,fluocinolone acetonide,"E. FOUGERA & CO., A division of Fougera Pharmaceuticals Inc."
1395,Zidovudine,"Boca Pharmacal, LLC"
1396,risperidone,"PD-Rx Pharmaceuticals, Inc."
1397,TITANIUM DIOXIDE and ZINC OXIDE,NeoStrata Company Inc.
1398,Amlodipine Besylate and Benazepril Hydrochloride,"Lupin Pharmaceuticals, Inc."
1399,Modafinil,Aurobindo Pharma Limited
1400,MORPHINE SULFATE,"Mallinckrodt, Inc."
1401,topotecan hydrochloride,Sagent Pharmaceuticals
1402,Standardized Mite D. pteronyssinus,"ALK-Abello, Inc."
1403,ENALAPRIL MALEATE,State of Florida DOH Central Pharmacy
1404,divalproex sodium,McKesson Contract Packaging
1405,"neomycin sulfate, polymyxin b sulfate and dexamethasone","Physicians Total Care, Inc."
1406,AMMONIUM CHLORIDE,Natural Health Supply
1407,"Arnica Montana, Carduus Marianus, Hepar Suis, Korean Ginseng, Phosphoricum Acidum, Pituitaria Glandula Suis,","Maximum Results Solution, Inc."
1408,Triclosan,Ulta
1409,"Acetaminophen, Dextromethorphan, Phenylephrine, Guaifenesin",North Safety Products LLC
1410,Olanzapine,Gen-Source Rx
1411,Levocarnitine,"American Regent, Inc."
1412,benzalkonium chloride and lidocaine hydrochloride,MarcasUSA LLC
1413,HYDROCODONE BITARTRATE AND ACETAMINOPHEN,STAT Rx USA LLC
1414,Warfarin,"Amneal Pharmaceuticals, LLC"
1415,CHLORCYCLIZINE HYDROCHLORIDE,"Laser Pharmaceuticals, LLC"
1416,"Carbidopa, levodopa and entacapone",Sun Pharma Global FZE
1417,ARSENIC TRIOXIDE,Hyland's
1418,White Kidney Beans,"Nelco Laboratories, Inc."
1419,benzoyl peroxide,Valeant Pharmaceuticals North America LLC
1420,not applicable,"BioActive Nutritional, Inc."
1421,Glycerin,"NATURE REPUBLIC CO., LTD."
1422,Acetaminophen,Mckesson
1423,Desonide,"Taro Pharmaceuticals U.S.A., Inc."
1424,CALCAREA PHOSPHORICA,HOMEOLAB USA INC
1425,"Avobenzone,Homosalate,Octocrylene",ENERGIZER PERSONAL CARE LLC
1426,Triclosan,"Diversey, Inc."
1427,Bismuth Subsalicylate,"A&Z Pharmaceutical, Inc."
1428,"OCTINOXATE, TITANIUM DIOXIDE",Parfums Christian Dior
1429,Ethyl Alcohol,"Jets, Sets, & Elephants Beauty Corp."
1430,Benzocaine,DSHealthcare
1431,Polyethylene Glycol 3350,Meijer Distribution Inc
1432,"Butalbital, Aspirin and Caffeine",Lake Erie Medical & Surgical Supply DBA Quality Care Products LLC
1433,Aspirin,"Liberty Pharmaceuticals, Inc."
1434,Ondansetron Hydrochloride,"Preferred Pharmaceuticals, Inc."
1435,"Human Papillomavirus Quadrivalent (Types 6, 11, 16, and 18) Vaccine, Recombinant",Merck Sharp & Dohme Corp.
1436,Lidocaine HCl,"General Injectables & Vaccines, Inc"
1437,Carisoprodol,Bryant Ranch Prepack
1438,Insects (whole body) cockroach mix,Jubilant HollisterStier LLC
1439,Nectarine,"Nelco Laboratories, Inc."
1440,Pyrithione Zinc,Procter & Gamble Manufacturing Co.
1441,"Dextroamphetamine Saccharate, Amphetamine Aspartate Monohydrate, Dextroamphetamine Sulfate and Amphetamine Sulfate","Eon Labs, Inc."
1442,Hydrocodone Bitartrate and Acetaminophen,Bryant Ranch Prepack
1443,"OCTINOXATE, TITANIUM DIOXIDE","Benefit Cosmetics, LLC"
1444,AIR,"PURITY CYLINDER GASES, INC."
1445,ALCOHOL,Mangiacotti Floral LLC
1446,Digoxin,"NCS HealthCare of KY, Inc dba Vangard Labs"
1447,OXYGEN,"Young Welding Supply, Inc"
1448,AMOXICILLIN,DIRECT RX
1449,acyclovir,Zydus Pharmaceuticals (USA) Inc.
1450,"Abelmoschus, Aconitum napellus, Argentum nitricum, Arsenicum album, Calcarea carbonica, Cinchona officinalis, Cocculus indicus, Gelsemium sempervirens, Kali arsenicosum, Lilium tigrinum, Lycopodium clavatum, Phosphorus, Pulsatilla and Stramonium",King Bio Inc.
1451,Earwax Removal Aid,"Apothecary Products, LLC"
1452,Povidone-Iodine,Becton Dickinson and Company
1453,"acetaminophen, dextromethorphan Hbr, Phenylephrine HCl",Cardinal Health
1454,Diltiazem Hydrochloride,Sandoz Inc
1455,Oxygen,Millennium Medical Supply
1456,Demeclocycline Hydrochloride,Amneal Pharmaceuticals
1457,Acetaminophen,Contract Pharmacal Corp
1458,"Octinoxate, Octisalate, and Oxybenzone","Lifetech Resources, LLC"
1459,Acetaminophen,Kroger Company
1460,Terazosin hydrochloride,Bryant Ranch Prepack
1461,Ibuprofen,"Western Family Foods, Inc."
1462,quinapril hydrochloride,Bryant Ranch Prepack
1463,Alcohol,Unique Holding Group Inc
1464,Olive,"Antigen Laboratories, Inc."
1465,GLYCERIN,GMS
1466,cyclopentolate hydrochloride,"Alcon Laboratories, Inc."
1467,Bethanechol Chloride,Wockhardt Limited
1468,Irinotecan Hydrochloride,"Teva Parenteral Medicines, Inc."
1469,CETYLPYRIDINIUM CHLORIDE,Kleen Test Products Corporation
1470,Salicylic Acid,Reckitt Benckiser LLC
1471,ALCOHOL,Lantern Enterprises Ltd
1472,Loratadine,"Help Remedies, Inc."
1473,Ibuprofen,Wal-Mart Stores Inc
1474,Glimepiride,BluePoint Laboratories
1475,simvastatin,Ranbaxy Pharmaceuticals Inc.
1476,DIMETHICONE,"NATURE REPUBLIC CO., LTD."
1477,Rizatriptan Benzoate,Heritage Pharmaceuticals Inc.
1478,levetiracetam,"Golden State Medical Supply, Inc."
1479,SALICYLIC ACID,"Cover FX Skin Care, Inc."
1480,Phenobarbital,Bryant Ranch Prepack
1481,"AVOBENZONE, OCTINOXATE",S.I.P.R.E.S. SRL
1482,Multi Vitamin with Fluoride,Qualitest Pharmaceuticals
1483,Apple Malus sp.,Jubilant HollisterStier LLC
1484,Alprazolam,"Amneal Pharmaceuticals, LLC"
1485,cimetidine,Mylan Pharmaceuticals Inc.
1486,Bryonia Stannum,Uriel Pharmacy Inc.
1487,Triclosan,Ecolab Inc.
1488,Alcohol,Best Accessory Group
1489,"phenylephrine hcl, brompheniramine maleate",Meijer Distribution Inc
1490,levothyroxine sodium tablets,Cardinal Health
1491,"Acetaminophen, Dextromethorphan Hydrobromide, Doxylamine Succinate,",Dollar General
1492,"ASA FOETIDA,IGNATIA AMARA,VALERIANA OFFICINALIS,AVENA SATIVA,ARGENTUM NITRICUM",HOMEOLAB USA INC.
1493,Acetaminophen,McKesson
1494,Poplar White,"ALK-Abello, Inc."
1495,"Aralia Quinquefolia, Avena Sativa, Glandula Suprarenalis Suis, Arsenicum Iodatum, Ignatia Amara, Lycopodium Clavatum",The Wise Alternative
1496,Loperamide Hydrochloride,Premier Value
1497,CALCITONIN SALMON,"Physicians Total Care, Inc."
1498,AURUM PLUMBUM,Uriel Pharmacy Inc.
1499,"ARNICA MONTANA, HYPERICUM PERFORATUM",CVS PHARMACY
1500,Aquilinum Taraxacum,Uriel Pharmacy Inc.
1501,temazepam,"Mallinckrodt, Inc."
1502,hydromorphone hydrochloride,"Roxane Laboratories, Inc"
1503,Lorazepam,Sandoz Inc
1504,Clopidogrel,Legacy Pharmaceutical Packaging
1505,Lisinopril,Qualitest Pharmaceuticals
1506,Black Locust,"Nelco Laboratories, Inc."
1507,GLYCERIN,"NATURE REPUBLIC CO., LTD."
1508,ROPINIROLE HYDROCHLORIDE,Rebel Distributors Corp
1509,Levothyroxine Sodium,Unit Dose Services
1510,Quetiapine Fumarate,REMEDYREPACK INC.
1511,insulin glulisine,Sanofi-Aventis U.S. LLC
1512,"Coagulation Factor IX (Recombinant), Fc Fusion Protein",Biogen Idec Inc.
1513,Escitalopram Oxalate,"Silarx Pharmaceuticals, Inc"
1514,Zinc Oxide,Quality Home Products
1515,Aspergillus niger,"Nelco Laboratories, Inc."
1516,Guanfacine,Cardinal Health
1517,Buspirone Hydrochloride,Teva Pharmaceuticals USA Inc
1518,TRICLOSAN,"International Wholesale, Inc."
1519,"OCTINOXATE, TITANIUM DIOXIDE, OCTISALATE, and OXYBENZONE","Elizabeth Arden, Inc"
1520,ENERGIZING MULTI-PROTECTION CREAM,CHANEL PARFUMS BEAUTE
1521,Levetiracetam,Lake Erie Medical & Surgical Supply DBA Quality Care Products LLC
1522,Triclosan,Delta Brands Inc
1523,TITANIUM DIOXIDE,LVMH Fragrance Brands
1524,"acetaminophen, dextromethorphan Hbr, Phenylephrine HCl",Kmart Corporation
1525,nitroglycerin,Rouses Point Pharm
1526,Clotrimazole,"Aidance Skincare & Topical Solutions, LLC"
1527,"OCTISALATE 5%, OCTOCRYlENE 3%, ZINC OXIDE 10.5%",Melaleuca Inc.
1528,Ethyl Alcohol,"Chester Packaging, LLC"
1529,"OCTINOXATE, TITANIUM DIOXIDE",Parfums Christian Dior
1530,ALUMINUM CHLOROHYDRATE,"Avon Products, Inc."
1531,glipizide,Roerig
1532,Dexmethylphenidate hydrochloride,Actavis Inc.
1533,rivaroxaban,Cardinal Health
1534,Donepezil hydrochloride,McKesson Contract Packaging
1535,benazepril hydrochloride and hydrochlorothiazide,Clinical Solutions Wholesale
1536,TITANIUM DIOXIDE,Laboratoires Clarins S.A.
1537,OCTINOXATE and TITANIUM DIOXIDE,NARS Cosmetics
1538,Acetaminophen,Safeway
1539,"Aesculus hippocastanum, flos, Antimonium crudum, Argentum nitricum, Baryta aceticua, Baryta carbonica, Borago officinalis, Cytisus scoparius, Digitalis purpurea, Graphites, Kali iodatum, Larix decidua, flos, Lycopodium clavatum, Petroleum, Sambucus nigra, Verbascum thapsus",King Bio Inc.
1540,incobotulinumtoxinA,Merz Aesthetics. Inc
1541,Antiseptic handwash,Ecolab Inc.
1542,Johnson Grass Pollen,"Antigen Laboratories, Inc."
1543,Isosorbide Dinitrate,"Actient Pharmaceuticals, LLC"
1544,"Phenylephrine Hydrochloride, Acetaminophen, Dextromethorphan Hydrobromide, and Guaifenesin","Eagle Distributors,Inc"
1545,Carbon Dioxide-Oxygen Mixture,"Roberts Oxygen Company, Inc."
1546,Topiramate,Hikma Pharmaceutical
1547,Amoxicillin,Sandoz Inc
1548,"TITANIUM DIOXIDE, OCTINOXATE, ZINC OXIDE","The Yeon Co., Ltd."
1549,spironolactone,Mylan Pharmaceuticals Inc.
1550,"Arnica montana, Glonoinum, Lachesis mutus, Oophorinum, Salvia officinalis, Sanguinaria canadensis, Sepia",Eight and Company
1551,Velvet Grass,"ALK-Abello, Inc."
1552,Tramadol Hydrochloride,Aurobindo Pharma Limited
1553,hydromorphone hydrochloride,"Roxane Laboratories, Inc"
1554,metformin hydrochloride,Shionogi Inc.
1555,Acetaminophen,American Sales Company
1556,HYDROQUINONE,International Beauty Exchange
1557,felbamate,Meda Pharmaceuticals Inc.
1558,quinapril hydrochloride and hydrochlorothiazide,Greenstone LLC
1559,"OCTINOXATE, OCTISALATE, TITANIUM DIOXIDE","Kingdom Animalia, LLC DBA Hourglass Cosmetics"
1560,Olanzapine and Fluoxetine hydrochloride,Eli Lilly and Company
1561,"Gelsemium, Influenzinum, Nux vom","Native Remedies, LLC"
1562,Oxygen,Bandy's Pharmacy Inc
1563,ALCOHOL,"Bath & Body Works, Inc."
1564,Norepinephrine,"Deseret Biologicals, Inc."
1565,Aspirin,L Perrigo Company
1566,Cefdinir,"Physicians Total Care, Inc."
1567,FLUPHENAZINE HYDROCHLORIDE,State of Florida DOH Central Pharmacy
1568,OCTINOXATE and TITANIUM DIOXIDE,NARS Cosmetics
1569,"Acetaminophen, Diphenhydramine HCl",Best Choice (Valu Merchandisers Company)
1570,HYDROCODONE BITARTRATE AND ACETAMINOPHEN,STAT Rx USA LLC
1571,"Adenosinum cyclophosphoricum, Adrenalinum, Adrenocorticotrophin, Allium cepa, Ambrosia artemisiaefolia, Chelidonium majus, Chenopodium vulvaria, Cichorium intybus, Cortisone aceticum, Euphrasia officinalis, Galphimia glauca, hedera helix, Histaminum hydrochloricum, Juglans cinerea, Kali muriaticum, Mucosa nasalis suis, Natrum muriaticum, Pulsatilla nuttalliana, RNa, Sabadilla, Teucrium scorodonia",King Bio Inc.
1572,"Dextromethorphan HBr, Guaifenesin, Phenylephrine HCl",EQUALINE (SuperValu)
1573,"Hydrocotyle asiatica, Echinacea purpurea, and Sambucus Nigra Flower",Izun Pharmaceuticals Corporation
1574,Gabapentin,"Taro Pharmaceuticals U.S.A., Inc."
1575,Nystatin and Triamcinolone Acetonide,REMEDYREPACK INC.
1576,"TITANIUM DIOXIDE, OCTINOXATE, OCTISALATE, ARBUTIN, ZINC OXIDE, ADENOSINE",WIZCOZ CORPORATION LTD
1577,Aluminum Chlorohydrate,"Church & Dwight Co., Inc."
1578,Phenol,Care One (American Sales Company)
1579,"buprenorphine hydrochloride, naloxone hydrochloride",Reckitt Benckiser Pharmaceuticals Inc
1580,Venlafaxine,REMEDYREPACK INC.
1581,AVOBENZONE OCTINOXATE OCTISALATE OXYBENZONE,Skin Authority LLC
1582,Ibuprofen,TARGET Corporation
1583,TRICLOSAN,"Greenbrier International, Inc."
1584,Montelukast Sodium,Rebel Distributors Corp
1585,Red Maple,"Nelco Laboratories, Inc."
1586,Amlodipine Besylate,Major Pharmaceuticals
1587,warfarin sodium,"Aphena Pharma Solutions - Tennessee, Inc."
1588,PHENAZOPYRIDINE HYDROCHLORIDE,Walgreens Co
1589,Sodium Chloride,Cardinal Health
1590,adapalene,"Physicians Total Care, Inc."
1591,Glyburide,Legacy Pharmaceutical Packaging
1592,"bacitracin zinc, neomycin, polymyxin B",Target Corporation
1593,ATORVASTATIN CALCIUM,Bryant Ranch Prepack
1594,PredniSONE,A-S Medication Solutions LLC
1595,MELOXICAM,Direct Rx
1596,Mineral Oil,Mckesson
1597,benzocaine,"Larken Laboratories, Inc."
1598,Metaxalone,Bryant Ranch Prepack
1599,"Famotidine, Calcium Carbonate, Magnesium Hydroxide",HyVee Inc
1600,Clotrimazole,Premier Value
1601,Diphenhydramine Hydrochloride,Best Choice (Valu Merchandisers Company)
1602,caffeinum,Spayable Energy LLC
1603,"Acetaminophen, Dextromethorphan HBr, Guaifenesin, Phenylephrine HCl",Cardinal Health
1604,Triamcinolone Acetonide,"Dispensing Solutions, Inc."
1605,Cottonwood Eastern Common,"ALK-Abello, Inc."
1606,Sulfur,"Nature's Innovation, Inc."
1607,Divalproex Sodium,Bryant Ranch Prepack
1608,Haloperidol,"NCS HealthCare of KY, Inc dba Vangard Labs"
1609,Carvedilol,"Glenmark Generics Inc., USA"
1610,Dextromethorphan Hydrobromide and Promethazine Hydrochloride,REMEDYREPACK INC.
1611,TROLAMINE SALICYLATE,BF ASCHER AND CO INC
1612,ATORVASTATIN CALCIUM,"Golden State Medical Supply, Inc."
1613,Zinc Oxide and Titanium Dioxide,Ventura Corporation LTD
1614,lisinopril,Merck Sharp & Dohme Corp.
1615,Ciprofloxacin Hydrochloride,"Falcon Pharmaceuticals, Ltd."
1616,Nabumetone,Exelan Pharmaceuticals Inc.
1617,Ibuprofen,CVS Pharmacy
1618,"Leucine, Phenylalanine, Lysine, Methionine, Isoleucine, Valine, Histidine, Threonine, Tryptophan, Alanine, Glycine, Arginine, Proline, Serine, Tyrosine, Sodium Acetate, Dibasic Potassium Phosphate, Ma",Baxter Healthcare Corporation
1619,oxycodone and acetaminophen,Shionogi Inc
1620,Halobetasol Propionate,"G&W Laboratories, Inc."
1621,Ethyl Alcohol,Vi-Jon
1622,darunavir,"Physicians Total Care, Inc."
1623,"Taurine,",Apotheca Company
1624,Verapamil hydrochloride,Northwind Pharmaceuticals
1625,Titanium Dioxide,"Bare Escentuals Beauty, Inc."
1626,"AVOBENZONE, HOMOSALATE, OCTOCRYLENE",Laboratoires Clarins S.A.
1627,primidone,Qualitest Pharmaceuticals
1628,AMLODIPINE BESYLATE,American Health Packaging
1629,Metoprolol Tartrate,West-ward Pharmaceutical Corp
1630,Doxycycline hyclate,Lake Erie Medical & Surgical Supply DBA Quality Care Products LLC
1631,Astragalus Formica,Uriel Pharmacy Inc.
1632,Modafinil,Aurobindo Pharma Limited
1633,Glycerin,"AMI Cosmetic Co.,Ltd."
1634,"Bifidobacterium longum subsp. infantis, Avobenzone, Homosalate, Octisalate, Octocrylene, and Oxybenzone",Procter & Gamble Manufacturing Company
1635,Dimethicone,"Medline Industries, Inc."
1636,Topiramate,REMEDYREPACK INC.
1637,Acetaminophen,American Sales Company
1638,"CALENDULA OFFICINALIS FLOWERING TOP, HYPERICUM PERFORATUM, and SODIUM CHLORIDE",Forces of Nature
1639,"Iron, Folic Acid, Cyanocobalamin, Ascorbic acid, and Docusate Sodium",Mission Pharmacal Company
1640,Scrub Pine,"Nelco Laboratories, Inc."
1641,METFORMIN HYDROCHLORIDE,"Golden State Medical Supply, Inc"
1642,HYDROCODONE BITARTRATE AND ACETAMINOPHEN,Rebel Distributors Corp
1643,"Octinoxate, Oxybenzone, Dimethicone, Octisalate, Homosalate, Avobenzone, and Octocrylene",Blistex Inc.
1644,Propranolol Hydrochloride,REMEDYREPACK INC.
1645,DOXEPIN HYDROCHLORIDE,STAT Rx USA LLC
1646,Simvastatin,Cardinal Health
1647,CLOTRIMAZOLE,Cardinal Health
1648,Tropicamide,"Akorn, Inc."
1649,Sodium Fluoride,"Western Family Foods, Inc"
1650,AVOBENZONE HOMOSALATE OCTISALATE OCTOCRYLENE OXYBENZONE,THE KROGER CO
1651,Cashew,"Nelco Laboratories, Inc."
1652,"Famotidine, Calcium Carbonate, Magnesium Hydroxide",Cardinal Health
1653,"THUJA OCCIDENTALIS BARK, PHYTOLACCA AMERICANA ROOT, and CALENDULA OFFICINALIS FLOWERING TOP",Forces of Nature
1654,propranolol hydrochloride,Qualitest Pharmaceuticals
1655,thioridazine hydrochloride,Mylan Institutional Inc.
1656,Corn,"Antigen Laboratories, Inc."
1657,loteprednol etabonate,"Physicians Total Care, Inc."
1658,Azathioprine,Cadila Healthcare Limited
1659,aluminum hydroxide and magnesium carbonate,GlaxoSmithKline Consumer Healthcare LP
1660,Potassium Bicarbonate,Sandoz Inc.
1661,testosterone,"Physicians Total Care, Inc."
1662,Zinc Oxide,"Autumn Harp, Inc."
1663,Oxycodone and Acetaminophen,Lake Erie Medical & Surgical Supply DBA Quality Care Produtcs LLC
1664,"diphenhydramine HCl, phenylephrine HCl","Richmond Division of Wyeth LLC, a subsidiary of Pfizer Inc."
1665,carboxymethylcellulose sodium,Topco Associates LLC
1666,ketorolac tromethamine,Sagent Pharmaceuticals
1667,"ANTIMONY PENTASULFIDE, BRYONIA ALBA ROOT, DROSERA ROTUNDIFOLIA, EUCALYPTUS GLOBULUS LEAF, IPECAC, STAR ANISE","Nature's Way Products, Inc."
1668,Octreotide acetate,Wockhardt USA LLC.
1669,ALUMINUM CHLOROHYDRATE,Dukal Corporation
1670,"Acetaminophen, Dextromethorphan HBr, Guaifenesin, Phenylephrine HCl",Amerisource Bergen
1671,Lambs Quarters,"ALK-Abello, Inc."
1672,Loratadine,Access Business Group LLC
1673,Tretinoin,Rebel Distributors Corp
1674,arformoterol tartrate,Sunovion Pharmaceuticals Inc.
1675,Dimethicone,"Wal-Mart Stores, Inc"
1676,Benzocaine,Benco Dental
1677,Mucor racemosus,"Allermed Laboratories, Inc."
1678,Loratadine,H E B
1679,ibuprofen,Pfizer Consumer Healthcare
1680,buprenorphine hydrochloride and naloxone hydrochloride,Bryant Ranch Prepack
1681,Copper Tripeptide-1 (0.001%),"YBK Investment, INC"
1682,Midazolam,Cardinal Health
1683,Potassium Chloride,AbbVie Inc.
1684,SALICYLIC ACID,"Cover FX Skin Care, Inc."
1685,conjugated estrogens,Cardinal Health
1686,estradiol valerate and estradiol valerate/dienogest,Bayer HealthCare Pharmaceuticals Inc.
1687,hydroxyzine pamoate,A-S Medication Solutions LLC
1688,APIS MELLIFERA,Natural Health Supply
1689,VORICONAZOLE,Roerig
1690,ibuprofen,REMEDYREPACK INC.
1691,Dimethicone,Applied Biology
1692,Phosphoricum Acidum,"Nature's Innovation, Inc."
1693,Oxygen,County Welding Supply Co.
1694,Nateglinide,American Health Packaging
1695,alprazolam,Schwarz Pharma Inc.
1696,calcium carbonate,Unifirst First Aid Corporation
1697,Diphenhydramine HCl,"Pharbest Pharmaceuticals, Inc."
1698,"Chlorcyclizine Hydrochloride, Codeine Phosphate, Phenylephrine Hydrochloride","Hawthorn Pharmaceuticals, Inc."
1699,Petrolatum,Beiersdorf Inc
1700,Thuja,"True Botanica, LLC"
1701,methylcellulose,GlaxoSmithKline Consumer Healthcare LP
1702,Etodolac,"H.J. Harkins Company, Inc."
1703,bupropion hydrobromide,sanofi-aventis U.S. LLC
1704,Hand Sanitizer,American Cleaning Solutions
1705,hydroxyzine hydrochloride,"Physicians Total Care, Inc."
1706,Oxymetazoline Hydrochloride,NeilMed Pharmaceuticals Inc
1707,Folic Acid,"APP Pharmaceuticals, LLC"
1708,IRBESARTAN,Bristol-Myers Squibb Company
1709,Phenobarbital,West-Ward Pharmaceutical Corp
1710,Triamcinolone Acetonide,"AvKARE, Inc."
1711,FLUORIDE TREATMENT,Ross Healthcare Inc.
1712,Medicated Lip Balm,Walgreen Co
1713,Loratadine,"MSD Consumer Care, Inc."
1714,Erythromycin,A-S Medication Solutions LLC
1715,Dexamethasone,"PD-Rx Pharmaceuticals, Inc."
1716,Alcohol,"NATURE REPUBLIC CO., LTD."
1717,Thyreoidea Melissa,Uriel Pharmacy Inc.
1718,"ZINC OXIDE,BENZETHONIUM CHLORIDE","Smith & Nephew, Inc."
1719,dorzolamide hydrochloride and timolol maleate,Merck Sharp & Dohme Corp.
1720,nitisinone,"Rare Disease Therapeutics, Inc."
1721,simvastatin,Aidarex Pharmaceuticals LLC
1722,sipuelucel-T,Dendreon Corporation
1723,Edrophonium Chloride and Atropine Sulfate,Mylan Institutional LLC
1724,oxybutynin chloride,McKesson Contract Packaging
1725,Calcium Carbonate,"A&Z Pharmaceutical, Inc."
1726,Cetirizine Hydrochloride,Corporacion Infarmasa
1727,DOCUSATE SODIUM -SENNOSIDES,McKesson Contract Packaging
1728,OCTINOXATE OXYBENZONE,THE KROGER CO
1729,Carbinoxamine Maleate,"FSC Laboratories, Inc"
1730,Donepezil Hydrochloride,Macleods Pharmaceuticals Limited
1731,Acetaminophen and Phenylephrine Hydrochloride,"Western Family Foods, Inc."
1732,"Dextrose Monohydrate, Sodium Chloride, Sodium Lactate, Calcium Chloride, Magnesium Chloride",Fresenius Medical Care North America
1733,SALICYLIC ACID,J. A. Cosmetics U.S. INC
1734,Oxymorphone Hydrochloride,Endo Pharmaceuticals
1735,Theophylline,"Silarx Pharmaceuticals, Inc"
1736,enoxaparin sodium,"Physicians Total Care, Inc."
1737,Loperamide Hydrochloride,REMEDYREPACK INC.
1738,Testosterone,AbbVie Inc.
1739,Paricalcitol,AbbVie Inc.
1740,hydrocodone bitartrate and acetaminophen,Cardinal Health
1741,Phenytoin,"Physicians Total Care, Inc."
1742,Zinc Oxide,"Autumn Harp, Inc."
1743,Amlodipine Besylate and Benazepril HCL,American Health Packaging
1744,Cevimeline Hydrochloride,"Pack Pharmaceuticals, LLC"
1745,OXYGEN,"Mid South Welding Supply, Inc"
1746,Benzocaine,Rite Aid
1747,Citalopram Hydrobromide,American Health Packaging
1748,Oxymetazoline HCl,L Perrigo Company
1749,LISINOPRIL,State of Florida DOH Central Pharmacy
1750,OCTINOXATE,Kosan Kozmetik Sanayi ve Ticaret A.S.
1751,Clotrimazole,Topco Associates LLC
1752,Benzalkonium Chloride,Reckitt Benckiser LLC
1753,"ibuprofen, pseudoephedrine HCl",Pfizer Consumer Healthcare
1754,Octinoxate and Titanium dioxide,"SHISEIDO CO., LTD."
1755,HEPARIN SODIUM,"Hospira, Inc."
1756,Bupivacaine Hydrochloride,"General Injectables & Vaccines, Inc"
1757,Avobenzone and Homosalate and Octisalate and Octocrylene,"Chattem, Inc."
1758,allopurinol,Prometheus Laboratories Inc.
1759,Piroxicam,Teva Pharmaceuticals USA Inc
1760,Salicylic Acid,Neutrogena Corporation
1761,Petrolatum,Delon Laboratories (1990) Ltd
1762,Metformin Hydrochloride,Teva Pharmaceuticals USA Inc
1763,CHLOROXYLENOL,Waxie Sanitary Supply
1764,Tolnaftate,Perrigo New York Inc
1765,TAMSULOSIN HYDROCHLORIDE,"Physicians Total Care, Inc."
1766,"Diphenhydramine HCl, Phenylephrine HCl",Kmart Corporation
1767,amlodipine besylate and benazepril hydrochloride,Novartis Pharmaceuticals Corporation
1768,paroxetine hydrochloride,"Physicians Total Care, Inc."
1769,Azathioprine,American Health Packaging
1770,Ofloxaxin,"Preferred Pharmaceuticals, Inc."
1771,"TITANIUM DIOXIDE, ZINC OXIDE",Kiss My Face Corp.
1772,Fluconazole,Bryant Ranch Prepack
1773,Loperamide HCl,H E B
1774,Buspirone hydrochloride,Zydus Pharmaceuticals (USA) Inc.
1775,rivaroxaban,Cardinal Health
1776,"Zinc Oxide, Calamine","Derma Sciences Canada, Inc."
1777,Povidone/Polyvinyl Alcohol,"FOCUS Laboratories, Inc."
1778,"Vitamin C (Ascorbic Acid), Carbonyl Iron, Folic Acid, Vitamin B-12 (Cyanocobalamin)","Boca Pharmacal, LLC"
1779,Desloratadine,Bryant Ranch Prepack
1780,Undecylenic Acid,"Alva-Amco Pharmacal Companies, Inc."
1781,"Octinoxate, Avobenzone, and Octisalate","Lifetech Resources, LLC"
1782,SULFUR,Ren Ltd.
1783,Phenol,Meijer Distribution Inc
1784,Octinoxate,BCM Cosmetique SAS
1785,Omeprazole,"NCS HealthCare of KY, Inc dba Vangard Labs"
1786,Gentamicin Sulfate,A-S Medication Solutions LLC
1787,METOPROLOL SUCCINATE,St Marys Medical Park Pharmacy
1788,"Antimonium crudum, Argentum nitricum, Carbo vegetabilis, Chelidonium majus, Cinchona officinalis, Graphites, Hydrastis canadensis, Ipecacuanha, Kali carbonicum, Lycopodium clavatum, Nux vomica, Pulsatilla",King Bio Inc.
1789,Camphor and Eucalyptus oil and Menthol,"Chattem, Inc."
1790,Poverty Weed,"Nelco Laboratories, Inc."
1791,"ASCORBIC ACID, .ALPHA.-TOCOPHEROL, FOLIC ACID, CYANOCOBALAMIN, IRON","WH Nutritionals, LLC"
1792,Methocarbamol,Lake Erie Medical DBA Quality Care Products LLC
1793,Fluconazole,BluePoint Laboratories
1794,Quinapril,"AvKARE, Inc."
1795,paroxetine hydrochloride,REMEDYREPACK INC.
1796,Whole Egg,"Nelco Laboratories, Inc."
1797,Treatment Set TS333519,"Antigen Laboratories, Inc."
1798,tolterodine,Mylan Institutional Inc.
1799,"Dextroamphetamine Saccharate, Amphetamine Aspartate, Dextroamphetamine Sulfate, and Amphetamine Sulfate",Barr Laboratories Inc.
1800,ZINC OXIDE,CALIFORNIA NATUREL
1801,"acetaminophen,pheniramine maleate, phenylephrine hydrochloride",H E B
1802,Doxycycline Hyclate,"Harris Pharmaceutical, Inc"
1803,Polyethylen Glycol and Propylene Gloycol,Walgreen Company
1804,"Ascorbic Acid, Cholecalciferol, .Alpha.-Tocopherol, Pyridoxine, Folic Acid, Biotin, Calcium, Iron, Docusate Calcium, and Crypthecodinium cohnii dha oil","Upsher-Smith Laboratories, Inc."
1805,"BRILLIANT GREEN, PROFLAVINE HEMISULFATE, GENTIAN VIOLET",Peace Medical Inc.
1806,Losartan Potassium,Zydus Pharmaceuticals (USA) Inc.
1807,Rivastigmine Tartrate,"Breckenridge Pharmaceutical, Inc"
1808,fluticasone propionate,PharmaDerm a division of Fougera Pharmaceuticals Inc.
1809,Risperidone,"H.J. Harkins Company, Inc."
1810,Metformin Hydrochloride,REMEDYREPACK INC.
1811,Menthol,Pharmaceutics Corporation
1812,SALICLYLIC ACID,Jouer Cosmetics LLC
1813,Methylphenidate Hydrochloride,"Golden State Medical Supply, Inc."
1814,Triamterene and hydrochlorothiazide,Rebel Distributors Corp
1815,Trazodone Hydrochloride,Lake Erie Medical DBA Quality Care Products LLC
1816,"Octinoxate,ZINC OXIDE,OCTISALATE","Yuyao Jessie Commodity Co.,Ltd."
1817,Helminthosporium solani Spondylocladium,"ALK-Abello, Inc."
1818,Oxygen,Apex of St. Peters
1819,DOCUSATE SODIUM,Valu Merchandisers Company (Best Choice)
1820,Metoprolol Tartrate,Gen-Source Rx
1821,Doxylamine succinate,Walgreen Company
1822,Phytonadione,Cardinal Health
1823,ZINC OXIDE,"Lotus Brands, Inc."
1824,Clobetasol Propionate,"Physicians Total Care, Inc."
1825,Chloroquine Phosphate,"PD-Rx Pharmaceuticals, Inc."
1826,"candida albicans, candida parapsilosis, and penicillium roqueforti",Sanum Kehlbeck GmbH & Co. KG
1827,"Myrrha, Trigonella foenum-graecum, Pinus sylvestris, Lymph, Spleen, Conium maculatum, Echinacea Angustifolia, Hepar sulphuris calcareum, Hydrangea arborescens, Phytolacca decandra, Silicea,",Apotheca Company
1828,Acetaminophen,Mckesson
1829,Diltiazem Hydrochloride,Teva Pharmaceuticals USA Inc
1830,BENZALKONIUM CHLORIDE,"ZHEJIANG GREENFACE HOUSEWARES CO., LTD."
1831,Duloxetine Hydrochloride,Citron Pharma LLC
1832,losartan potassium and hydrochlorothiazide,"PD-Rx Pharmaceuticals, Inc."
1833,POLYETHYLENE GLYCOL 400,"HANLIM PHARM. CO., LTD."
1834,Tizanidine,Dr.Reddy's Laboratories Limited
1835,Loratadine,Premier Value
1836,Metoclopramide,ANIP Acquisition Company
1837,Gabapentin,"Preferred Pharmaceuticals, Inc"
1838,"Arsenicum album 8X, Lycopodium clavatum 30X, Natrum sulphuricum 12X, Phosphoricum acidum 12X, Secale cornutum 4X",PHARMAZEUTISCHE FABRIK DR. RECKEWEG & CO
1839,Diphenhydramine Hydrochloride,A-S Medication Solutions LLC
1840,Atenolol,Ranbaxy Pharmaceuticals Inc.
1841,Salicylic Acid,Dolgencorp Inc.
1842,Piroxicam,REMEDYREPACK INC.
1843,Mycophenolic Acid,Apotex Corp
1844,modafinil,Bryant Ranch Prepack
1845,nicotine polacrilex,GlaxoSmithKline Consumer Healthcare LP
1846,"Dextroamphetamine Saccharate, Amphetamine Aspartate, Dextroamphetamine Sulfate, and Amphetamine Sulfate",Barr Laboratories Inc.
1847,"Belladonna 30X, Hekla Lava 12X, Iodium 30X, Lapis albus 12X, Lycopus virginicus 12X, Natrum muriaticum 30X",PHARMAZEUTISCHE FABRIK DR. RECKEWEG & CO
1848,Trazodone Hydrochloride,Angelini Pharma Inc.
1849,"Acetaminophen, Dextromethorphan HBr, Chlorpheniramine maleate",Rite Aid
1850,Estradiol,AvPAK
1851,Artichoke,"Nelco Laboratories, Inc."
1852,Sulfamethoxazole and Trimethoprim,Bryant Ranch Prepack
1853,carboplatin,Sun Pharma Global FZE
1854,warfarin sodium,"Physicians Total Care, Inc."
1855,CLONAZEPAM,"Caraco Pharmaceutical Laboratories, Ltd."
1856,MENTHOL,"Meijer Distribution, Inc"
1857,trout,"Allergy Laboratories, Inc."
1858,BENZOYL PEROXIDE,DR LIN SKINCARE
1859,Calcium Carbonate,"Pharmaceutical Associates, Inc."
1860,"Acetaminophen, Phenylephrine HCl and Dextromethorphan HBr",SUPERVALU INC.
1861,Allergenic Extracts Alum Precipitated,"ALK-Abello, Inc."
1862,"PIPERACILLIN SODIUM,TAZOBACTAM SODIUM","WG Critical Care, LLC"
1863,"Arginine, L-carnitine, Ornithine,",Apotheca Company
1864,Titanium Dioxide and Zinc Oxide,"Tarte, Inc"
1865,LEVETIRACETAM,Sun Pharmaceutical Industries Limited
1866,ALENDRONATE SODIUM,REMEDYREPACK INC.
1867,Oxygen,Arkansas Welding & Industrial Supply
1868,"Oxybenzone, Octinoxate, Octisalate, Homosalate, and Avobenzone","Dermazone Solutions, LLC"
1869,DOCUSATE SODIUM,LIVE BETTER (The Great Atlantic & Pacific Tea Company)
1870,Amoxicillin,Aidarex Pharmaceuticals LLC
1871,OXYCODONE AND ACETAMINOPHEN,bryant ranch prepack
1872,ENSULIZOLE AND OCTINOXATE,CVS Pharmacy
1873,Amoxicillin,Aurobindo Pharma Limited
1874,Magnesium hydroxide,H E B
1875,"OCTINOXATE, TITANIUM DIOXIDE, and ZINC OXIDE",AMOREPACIFIC
1876,"OCTISALATE, HOMOSALATE, AVOBENZONE, OXYBENZONE",ARAMIS INC
1877,"ZINC OXIDE, TITANIUM DIOXIDE","LG Household and Healthcare, Inc."
1878,Isosorbide Dinitrate,KAISER FOUNDATION HOSPITALS
1879,Tizanidine,"Physicians Total Care, Inc."
1880,fluconazole,Greenstone LLC
1881,ALCOHOL,ENCHANTE ACCESSORIES INC.
1882,ALCOHOL,"Enchante Accessories, Inc."
1883,"Carduus Marianus, Chelidonium Majus, Taraxacum Officinale, Lycopodium Clavatum, Magnesia Phosphorica, Natrum Sulphuricum",BioActive Nutritional
1884,ATORVASTATIN CALCIUM,Parke-Davis Div of Pfizer Inc
1885,Amoxicillin and Clavulanate Potassium,"Preferred Pharmaceuticals, Inc."
1886,"Antimon. crud., Bryonia, Calc.carb., Causticum, Dulcamara, Graphites, Lycopodium, Merc. sulph. rub., Nat. carb., Nitricum ac., Nux vom., Rhus toxicodendron, Sabina, Sepia, Silicea, Staphysag., Sulphur, Thuja occ., Taraxacum","Newton Laboratories, Inc."
1887,Amitriptyline Hydrochloride,Major Pharmaceuticals
1888,benzoyl peroxide,"Biopelle, Inc."
1889,"Aconitum napellus, Arnica montana, Belladonna, Cimicifuga racemosa, Euphorbium officinarum, Gelsemium sempervirens, Gnaphalium polycephalum, Hypericum perforatum,","Liddell Laboratories, Inc."
1890,"Berberis vulgaris, Cochlearia armoracia, Echineacea (angustifolia), Hydrastis canadensis, Lomatium dissectum, Myrrha, Tabebuia impetiginosa, Propolis,",Deseret Biologicals
1891,ASPIRIN,McKesson (Health Mart)
1892,"SPONGIA OFFICINALIS SKELETON, ROASTED",BrandStorm HBC
1893,bupropion hydrochloride,"Par Pharmaceutical, Inc."
1894,BENZOYL PEROXIDE,CLINIQUE LABORATORIES INC
1895,Zidovudine,"Edenbridge Pharmaceuticals, LLC"
1896,"SODIUM BICARBONATE, SODIUM CHLORIDE","Cardinal Health 414, LLC"
1897,tolnaftate,Rite Aid Corporation
1898,"Menthol, Capsaicin",Pharmaceutics Corporation
1899,OXYGEN,"Johnson Drug Company, Inc"
1900,Corn Removers,Premier Brands of America Inc.
1901,"avobenzone, homosalate, octinoxate, octocrylene",Natura Bisse International
1902,epirubicin hydrochloride,"Greenstone, LLC"
1903,Cefadroxil,"PD-Rx Pharmaceuticals, Inc."
1904,"Acetaminophen, Dextromethorphan Hydrobromide, Phenylephrine Hydrochloride",Amerisource Bergen
1905,MEPIVACAINE HYDROCHLORIDE,"APP Pharmaceuticals, LLC"
1906,Acetaminophen,Rebel Distributors Corp
1907,"Acetaminophen, Dextromethorphan Hydrobromide, Phenylephrine Hydrochloride",Kroger Company
1908,polyethylene glycol 0.4% and propylene glycol 0.3%,Alcon Research Ltd
1909,TITANIUM DIOXIDE,CHANEL PARFUMS BEAUTE
1910,Bacitracin Zinc,"TAI GUK PHARM. CO., LTD."
1911,Alcohol,"Bath & Body Works, Inc."
1912,HUMAN RHO(D) IMMUNE GLOBULIN,"Kedrion Melville, Inc."
1913,Selenium Sulfide,H E B
1914,Polyvinyl Alcohol and Povidone,"Prestige Brands Holdings, Inc."
1915,Hydralazine Hydrochloride,McKesson Contract Packaging
1916,Lithium,"Roxane Laboratories, Inc"
1917,Amoxicillin,"Virtus Pharmaceuticals, LLC"
1918,sodium phosphate,McKesson
1919,Diltiazem Hydrochloride,REMEDYREPACK INC.
1920,Alcohol,"Freshorize, Ltd."
1921,Doxylamine succinate,7-Eleven
1922,Triclosan,DSHealthcare
1923,"carbidopa, levodopa, and entacapone",Novartis Pharmaceuticals Corporation
1924,Metformin hydrochloride,"Solco healthcare U.S., LLC"
1925,Indomethacin,Sandoz Inc
1926,ciprofloxacin hydrochloride,HHS/Program Support Center/Supply Service Center
1927,Chlordiazepoxide Hydrochloride,Mylan Institutional Inc.
1928,Bisacodyl,"Western Family Foods, Inc."
1929,"Acetaminophen, Caffeine, Pyrilamine maleate","WOONSOCKET PRESCRIPTION CENTER,INCORPORATED"
1930,Methocarbamol,Hetero Drugs Limited Unit III
1931,COLESTIPOL HYDROCHLORIDE,"Global Pharmaceuticals, Division of Impax Laboratories Inc."
1932,Paroxetine,Aidarex Pharmaceuticals LLC
1933,Bupropion Hydrochloride,"NCS HealthCare of KY, Inc dba Vangard Labs"
1934,metoprolol tartrate,State of Florida DOH Central Pharmacy
1935,"Methyl Salicylate, Turpentine","Tai Tong Ah Co., Pte. Ltd."
1936,TITANIUM DIOXIDE and OCTINOXATE,KANEBO COSMETICS INC
1937,California Valley White Oak,"Nelco Laboratories, Inc."
1938,Piroxicam,REMEDYREPACK INC.
1939,"buprenorphine hydrochloride, naloxone hydrochloride",A-S Medication Solutions LLC
1940,Hydrochlorothiazide,REMEDYREPACK INC.
1941,ciprofloxacin,Cardinal Health
1942,Trandolapril,"AvKARE, Inc."
1943,"OCTINOXATE, TITANIUM DIOXIDE, and ZINC OXIDE",AMOREPACIFIC
1944,Natural Medicine,King Bio Inc.
1945,Levonogestrel and Ethinyl Estradiol,"Watson Pharma, Inc."
1946,Bupropion Hydrochloride,Sandoz Inc
1947,lansoprazole,Dr.Reddy's Laboratories Ltd.
1948,nilotinib,Novartis Pharmaceuticals Corporation
1949,ofloxacin,Dr. Reddy's Laboratories Limited
1950,"Acetaminophen, Chlorpheniramine maleate, Phenylephrine HCl",Kroger Company
1951,"Avobenzone, Homosalate, Octisalate, Octocrylene, and Oxybenzone","MSD Consumer Care, Inc."
1952,Fulvestrant,AstraZeneca Pharmaceuticals LP
1953,Metoprolol Tartrate,Cardinal Health
1954,TRICLOSAN,APOLLO HEALTH AND BEAUTY CARE
1955,MINOXIDIL,Combback International LLC
1956,Heparin Sodium,Cantrell Drug Company
1957,Pyrithione Zinc,Procter & Gamble Manufacturing Co.
1958,Aluminum Chlorohydrate,Conopco Inc. d/b/a Unilever
1959,Prednisone,Proficient Rx LP
1960,Diclofenac Sodium,"Pack Pharmaceuticals, LLC"
1961,Permethrin,REMEDYREPACK INC.
1962,TRICLOSAN,The Dial Corporation
1963,OCTINOXATE and HYDROQUINONE,"CBI Laboratories, Inc"
1964,Hypromellose 2910,"Alcon Laboratories, Inc."
1965,Salicylic Acid,Santalis Pharmaceuticals
1966,METFORMIN HYDROCHLORIDE,"Golden State Medical Supply, Inc"
1967,SODIUM CHLORIDE,"Hospira, Inc."
1968,quetiapine fumarate,Apotex Corp.
1969,Acetaminophen,CHAIN DRUG MARKETING ASSOCIATION INC
1970,methylphenidate hydrochloride,"Unither Manufacturing, LLC"
1971,Lisinopril,West-Ward Pharmaceutical Corp
1972,Propylthiouracil,Cardinal Health
1973,Ampicillin Sodium,Sandoz Inc
1974,"Niacinamide, Adenosine",PISATAP
1975,"OCTINOXATE, TITANIUM DIOXIDE",Parfums Christian Dior
1976,propylene glycol,Bausch & Lomb Incorporated
1977,"Chlorpheniramine Maleate, Phenylephrine Hydrochloride","Laser Pharmaceuticals, LLC"
1978,Isopropyl Alcohol,CVS
1979,cetirizine hydrochloride,Perrigo New York Inc
1980,acetaminophen,"Selder, S.A. de C.V."
1981,Anticoagulant Citrate Phosphate Dextrose (CPD) Solution and ADSOL Preservation Solution,"Fenwal, Inc."
1982,alfuzosin HCl,Covis Pharmaceuticals Inc.
1983,Acetazolamide,A-S Medication Solutions LLC
1984,Western White Pine,"Nelco Laboratories, Inc."
1985,Olanzapine,Prasco Laboratories
1986,"Acetaminophen, Dextromethorphan Hydrobromide, Phenylephrine Hydrochloride",QUALITY CHOICE (Chain Drug Marketing Association)
1987,"benzocaine, benzethonium chloride, and menthol","Dixon Investments, Inc."
1988,Hydrastis Canadensis,Wise Woman Herbals
1989,"AMPICILLIN, SULBACTAM",Baxter Healthcare Corporation
1990,OCTINOXATE and TITANIUM DIOXIDE,SHISEIDO AMERICA INC.
1991,Bacitracin Zinc,Meijer Distribution Inc
1992,VENLAFAXINE HYDROCHLORIDE,Wockhardt Limited
1993,TITANIUM DIOXIDE,Guerlain S.A.
1994,Honeydew,"ALK-Abello, Inc."
1995,Glycerin,"NATURE REPUBLIC CO., LTD."
1996,Nicotine polacrilex,Cardinal Health
1997,Lorazepam,West-ward Pharmaceutical Corp.
1998,Alcohol,"Bath & Body Works, Inc."
1999,"HOMOSALATE, OXYBENZONE, OCTISALATE, AVOBENZONE, OCTOCRYLENE",AMWAY CORP.
2000,Fexofenadine HCl,"Shopko Stores Operating Co., LLC."
