1001,Robena,Dillet,3241 Montana Parkway,Fayetteville,North Carolina
1002,Isac,Abrey,4183 Morrow Park,Huntsville,Alabama
1003,Faber,Griffin,62913 Bartelt Terrace,Des Moines,Iowa
1004,Bordy,MacKettrick,96232 Clarendon Court,Norwalk,Connecticut
1005,Ches,Pavlovic,9 Truax Hill,Chicago,Illinois
1006,Lily,Humpage,4 Bultman Pass,Beaumont,Texas
1007,Giana,Crowch,40030 Melby Junction,Elmira,New York
1008,Emmett,Prise,962 Mendota Point,Stamford,Connecticut
1009,Carolan,Farryann,6 Melrose Terrace,Plano,Texas
1010,Gordy,Holtum,62 Lake View Court,Atlanta,Georgia
1011,Hallsy,Antonnikov,50 Namekagon Drive,Evansville,Indiana
1012,Vevay,Raye,3 Brown Hill,Oklahoma City,Oklahoma
1013,Cissiee,Antonioni,8247 Shasta Way,Columbus,Ohio
1014,Manuel,Pancoast,629 Quincy Court,Anniston,Alabama
1015,Taylor,Gailor,16 North Court,Durham,North Carolina
1016,Rhiamon,Killick,897 Anderson Road,Hattiesburg,Mississippi
1017,Tonya,Peplow,9877 Eagan Lane,Stockton,California
1018,Jamil,Moulden,304 Miller Lane,Dayton,Ohio
1019,Roddy,Trusler,9548 Mendota Hill,Baltimore,Maryland
1020,Nita,Nisby,35 Service Circle,Saint Louis,Missouri
1021,Concordia,Wrigley,61 6th Trail,Saint Cloud,Minnesota
1022,Cherice,Birtwisle,3449 Veith Drive,Boca Raton,Florida
1023,Margalo,Fuchs,7699 Sycamore Park,Houston,Texas
1024,Earvin,Awdry,064 Union Parkway,Ventura,California
1025,Barclay,Simonnin,13258 Banding Circle,Saint Louis,Missouri
1026,Carissa,Stapford,7415 Ramsey Center,Montgomery,Alabama
1027,Stacie,Stubbin,992 Namekagon Place,Anchorage,Alaska
1028,Kimbell,Tembey,58 Delladonna Terrace,Bakersfield,California
1029,Jorey,Elsby,19 Utah Street,Bismarck,North Dakota
1030,Matty,Josovitz,66950 Waubesa Junction,Fort Wayne,Indiana
1031,Honoria,Elston,9 Surrey Alley,Sacramento,California
1032,Bruno,MacCall,4 Ruskin Court,Austin,Texas
1033,Filide,Conachie,31 Washington Place,Grand Rapids,Michigan
1034,Yule,Potebury,71 Norway Maple Avenue,Durham,North Carolina
1035,Conny,Hamson,69319 Mallory Way,Sunnyvale,California
1036,Candis,Abeau,88487 Valley Edge Pass,Las Cruces,New Mexico
1037,Skylar,Langan,980 Saint Paul Junction,Ocala,Florida
1038,Deloria,Waulker,8952 Holy Cross Road,Allentown,Pennsylvania
1039,Vinita,McGuinley,0255 Rusk Center,Toledo,Ohio
1040,Mechelle,Millican,22 Bay Terrace,Visalia,California
1041,Mallory,Cayet,06 Thierer Center,Cincinnati,Ohio
1042,Myrilla,Fawssett,35827 Golden Leaf Circle,El Paso,Texas
1043,Michele,Hargrave,5524 Red Cloud Avenue,Orlando,Florida
1044,Elfie,Scoone,2 Longview Drive,Houston,Texas
1045,Alberta,Oughton,82 Rockefeller Terrace,New Orleans,Louisiana
1046,Karissa,Cullotey,3 Caliangt Place,Des Moines,Iowa
1047,Sharon,Ody,901 Brown Hill,Corpus Christi,Texas
1048,Augy,Coffey,46307 Steensland Street,Atlanta,Georgia
1049,Claiborne,Baulcombe,08 Magdeline Court,Saint Louis,Missouri
1050,Carlynn,Rive,846 Bartelt Center,Denver,Colorado
1051,Merrill,Slocumb,603 Express Crossing,Santa Monica,California
1052,Goldarina,Orkney,85554 Mosinee Avenue,Honolulu,Hawaii
1053,Tadeas,Bartrap,7 Ridgeway Plaza,San Diego,California
1054,Amerigo,Gurys,13 Bartillon Plaza,Jackson,Mississippi
1055,Drona,Draycott,09175 Merchant Terrace,Boston,Massachusetts
1056,Jorrie,Lathan,71985 Birchwood Alley,Amarillo,Texas
1057,Malina,Eilhertsen,1839 Union Road,Naples,Florida
1058,Karalee,Ready,2 Melvin Road,Louisville,Kentucky
1059,Cate,Yurinov,9 Melvin Street,New Brunswick,New Jersey
1060,Hollis,Sotworth,124 Sutherland Circle,Bozeman,Montana
1061,Sharl,Tranckle,703 Garrison Crossing,Washington,District of Columbia
1062,Sanders,Stemson,8149 Goodland Pass,Huntington Beach,California
1063,Riane,Bissatt,75603 Basil Park,Salt Lake City,Utah
1064,Cammi,Dimitriou,010 Hollow Ridge Junction,New Haven,Connecticut
1065,Leshia,Steptow,80 Shoshone Road,Trenton,New Jersey
1066,Danny,Isakovic,5 Fordem Junction,Nashville,Tennessee
1067,Siouxie,Longman,8699 Maple Plaza,Hartford,Connecticut
1068,Diannne,Lidierth,2 Bunker Hill Junction,Akron,Ohio
1069,Esme,Boissier,39130 Laurel Point,Chattanooga,Tennessee
1070,Red,Bollans,7 West Pass,Pasadena,California
1071,Nicola,Blann,4477 Fordem Plaza,Dallas,Texas
1072,Hagen,Hatje,667 Hayes Hill,Des Moines,Iowa
1073,Fawne,Di Gregorio,47 Victoria Court,Charlotte,North Carolina
1074,Robinet,Korda,68000 Dayton Trail,Southfield,Michigan
1075,Kenneth,Dresse,48 Roth Road,Wilkes Barre,Pennsylvania
1076,Nial,Antowski,337 Rieder Place,Abilene,Texas
1077,Ana,Newburn,80850 Sutteridge Pass,Dulles,Virginia
1078,Hadria,Squirrel,09421 Maywood Circle,Troy,Michigan
1079,Alain,Alker,85827 Rieder Circle,Dallas,Texas
1080,Walt,Menis,8225 Morningstar Court,Miami,Florida
1081,Walden,Buddle,8736 Schurz Point,New York City,New York
1082,Deina,Todarello,76 Thackeray Center,Fort Myers,Florida
1083,Grata,Lambersen,23 West Crossing,San Diego,California
1084,Tamara,Maiden,01282 Sloan Plaza,Shreveport,Louisiana
1085,Karina,Beccera,3 Coolidge Junction,Memphis,Tennessee
1086,Jeffie,Northeast,09035 Kensington Crossing,San Antonio,Texas
1087,Kenneth,Leborgne,55241 Vidon Road,Hot Springs National Park,Arkansas
1088,Desmond,MacLeese,53 Bunting Parkway,San Diego,California
1089,York,Castiglioni,461 Thierer Alley,Saint Cloud,Minnesota
1090,Emelia,Duquesnay,922 Declaration Terrace,New York City,New York
1091,Kendell,Simao,03862 Cordelia Trail,San Bernardino,California
1092,Aaren,Stobbe,2 Red Cloud Drive,Herndon,Virginia
1093,Niccolo,Kindon,8 Warner Hill,Washington,District of Columbia
1094,Zola,Rooke,62 2nd Trail,Austin,Texas
1095,Man,Itzkowicz,28 Drewry Way,Toledo,Ohio
1096,Yorgos,Kilfedder,4502 Anderson Point,Pueblo,Colorado
1097,Jasun,Kempston,928 Summit Alley,Lehigh Acres,Florida
1098,Joeann,Ranscome,8176 Ohio Park,Hicksville,New York
1099,Gilles,Osipov,8829 Elgar Way,Muskegon,Michigan
1100,Daphene,Pattingson,09 Raven Parkway,Dayton,Ohio
1101,Rainer,Phillins,516 Ilene Avenue,Roanoke,Virginia
1102,Josy,Sirett,6755 Starling Parkway,New York City,New York
1103,Collete,Sooper,164 Boyd Terrace,Seminole,Florida
1104,Arlette,Liddle,76 Lake View Point,Charleston,South Carolina
1105,Angeli,Curr,75128 Weeping Birch Junction,Tampa,Florida
1106,Venita,Yorkston,816 Kipling Avenue,Fort Lauderdale,Florida
1107,Rowena,Malloy,5 Fieldstone Court,Austin,Texas
1108,Eartha,Bradtke,41776 Buhler Center,Glendale,California
1109,Lukas,Moncreif,6 High Crossing Junction,Sacramento,California
1110,Valery,Coupman,8 East Trail,Round Rock,Texas
1111,Kev,Jados,9 Hauk Junction,Staten Island,New York
1112,Claire,Lissemore,13332 Monterey Parkway,Seattle,Washington
1113,Pet,Castellaccio,76638 Macpherson Alley,Reno,Nevada
1114,Nadeen,Obispo,21 Artisan Parkway,Tucson,Arizona
1115,Christy,Exer,189 Tony Place,Arlington,Texas
1116,Brice,Nangle,7408 Sloan Circle,Abilene,Texas
1117,Cos,Pehrsson,635 Northridge Terrace,Baton Rouge,Louisiana
1118,Desdemona,Huc,71883 Northridge Way,Birmingham,Alabama
1119,Ivar,Foli,2 Brentwood Avenue,Montgomery,Alabama
1120,Mathe,Mesnard,010 Weeping Birch Pass,Bronx,New York
1121,Beryl,Hedley,840 Bayside Road,Palo Alto,California
1122,Fritz,Courtier,52 Miller Way,Richmond,Virginia
1123,Aileen,Willavoys,37 Carey Street,Nashville,Tennessee
1124,Marlena,Lewisham,0954 Armistice Court,Reno,Nevada
1125,Lucina,Howard - Gater,4239 Erie Pass,Evansville,Indiana
1126,Fay,Harvard,3774 Pearson Junction,Topeka,Kansas
1127,Gladys,Conford,7 Brown Pass,Chesapeake,Virginia
1128,Roseann,Steggles,9743 Farwell Alley,Denver,Colorado
1129,Cyndie,Lever,10533 Larry Point,Baltimore,Maryland
1130,Pieter,Lowndsbrough,0 Crest Line Avenue,Pittsburgh,Pennsylvania
1131,Raynard,Leeming,18544 Di Loreto Avenue,Fayetteville,North Carolina
1132,Tiphani,Amar,685 Little Fleur Parkway,Phoenix,Arizona
1133,Louie,Boliver,784 Raven Circle,Oklahoma City,Oklahoma
1134,Guenevere,Deakan,80 Vermont Plaza,Bridgeport,Connecticut
1135,Mic,Heineke,334 Warbler Center,Baton Rouge,Louisiana
1136,Erhart,Augustus,81608 Moose Court,New York City,New York
1137,Ameline,Rollitt,29933 Pond Plaza,Sarasota,Florida
1138,Brooke,Thirtle,8 Valley Edge Alley,Baton Rouge,Louisiana
1139,Calla,Arnecke,77 Florence Court,Clearwater,Florida
1140,Jacintha,Baynard,9280 Spaight Circle,Detroit,Michigan
1141,Lind,Fretson,1 International Plaza,Los Angeles,California
1142,Yolane,Pescod,38317 Spenser Plaza,Dallas,Texas
1143,Mimi,Howse,52 Fairfield Trail,Baltimore,Maryland
1144,Larisa,Scothorne,4 Armistice Parkway,Jefferson City,Missouri
1145,Henka,Jennings,31977 Cottonwood Crossing,Hialeah,Florida
1146,Georgeanne,Buzek,9 South Pass,Camden,New Jersey
1147,Caye,Croall,5 Rusk Drive,Delray Beach,Florida
1148,Beitris,Tuckwell,972 Porter Way,Fresno,California
1149,Meagan,Kubes,3 Shopko Hill,Detroit,Michigan
1150,Jolee,Ivoshin,7183 Thompson Road,New Orleans,Louisiana
1151,Gilburt,Cunney,71 Kingsford Alley,High Point,North Carolina
1152,Ania,Ragles,38482 Michigan Alley,Stockton,California
1153,Kora,Margram,29361 Sloan Trail,Naples,Florida
1154,Kerby,Ungerechts,55 Merchant Road,Miami,Florida
1155,Serge,Rotherforth,4078 Bowman Lane,Boston,Massachusetts
1156,Horton,Spriggen,90 Troy Terrace,Portland,Maine
1157,Hanny,Ambrois,21 Thackeray Alley,Fort Worth,Texas
1158,Ulberto,Simeone,4762 Arizona Avenue,Laredo,Texas
1159,Blythe,Banker,67 Jana Court,Los Angeles,California
1160,Friedrich,Gauntley,4 Bay Trail,Colorado Springs,Colorado
1161,Aimil,Fisbburne,73243 Erie Crossing,Albuquerque,New Mexico
1162,Delia,Ioselev,346 Autumn Leaf Road,Lancaster,Pennsylvania
1163,Lila,Madner,45 Erie Crossing,Provo,Utah
1164,Mose,Olenikov,50011 Tomscot Circle,Mobile,Alabama
1165,Katerina,Whyler,6034 Kedzie Circle,Chicago,Illinois
1166,Wang,Tudhope,16172 Loeprich Place,Jackson,Mississippi
1167,Danita,Gerhold,38 Northview Avenue,Memphis,Tennessee
1168,Aubry,Hucquart,30 Springview Junction,Detroit,Michigan
1169,Charlotta,Sutherel,24920 Lawn Point,Amarillo,Texas
1170,Kele,Sturgis,84228 Hallows Court,Memphis,Tennessee
1171,Esdras,Usborn,0205 Corben Road,El Paso,Texas
1172,Willem,Helmke,0 Alpine Street,Brooksville,Florida
1173,Meridel,Squirrell,84 Caliangt Court,Washington,District of Columbia
1174,Irwin,Lucas,72 Springs Drive,Richmond,Virginia
1175,Ivory,Harvey,38654 Farragut Parkway,Richmond,Virginia
1176,Denice,Cawkill,24 Dakota Avenue,Orlando,Florida
1177,Lowell,Moisey,49461 Ludington Junction,Memphis,Tennessee
1178,Trefor,Beminster,5006 Starling Place,New Orleans,Louisiana
1179,Gene,Thon,89 Mockingbird Alley,Riverside,California
1180,Massimo,Otham,5 Westerfield Street,Columbia,South Carolina
1181,Ole,Barnewelle,5285 School Lane,Flushing,New York
1182,Neddy,Broose,3 Buena Vista Junction,Saint Paul,Minnesota
1183,Siegfried,Tetford,5530 Mockingbird Point,Glendale,Arizona
1184,Titus,Lett,2682 Londonderry Center,Baltimore,Maryland
1185,Goldina,Fettiplace,3 Fordem Road,Milwaukee,Wisconsin
1186,Fae,Bourton,7 Granby Road,Tampa,Florida
1187,Goddard,Oels,1 Village Green Place,Detroit,Michigan
1188,Bartlet,Guiraud,61 Schiller Parkway,Tulsa,Oklahoma
1189,Kristopher,Zaczek,74 Carberry Junction,Vero Beach,Florida
1190,Abba,Vasovic,59 Graceland Junction,Hartford,Connecticut
1191,Vannie,Deners,56 Tennyson Court,Lawrenceville,Georgia
1192,Randee,Stenet,02911 Veith Parkway,Mobile,Alabama
1193,Lesly,Townley,9 Jenna Circle,Saint Petersburg,Florida
1194,Ferdinanda,Ibarra,73 Springs Way,Cumming,Georgia
1195,Aline,Poynton,50027 Sage Junction,Fort Wayne,Indiana
1196,Becky,Symmons,62964 4th Pass,High Point,North Carolina
1197,Laird,Umbert,2 Bartillon Court,Orlando,Florida
1198,Cody,Bygrove,01 Erie Center,Houston,Texas
1199,Martie,Strase,3726 Lerdahl Point,West Hartford,Connecticut
1200,Abbey,Caitlin,98705 Veith Court,Sacramento,California
1201,Ania,Rohlfing,5008 Lake View Alley,Pittsburgh,Pennsylvania
1202,Janina,Metzel,06 Dexter Street,Detroit,Michigan
1203,Mikaela,Caulcott,8594 Beilfuss Alley,Laurel,Maryland
1204,Lars,Mixer,7 Victoria Drive,Pittsburgh,Pennsylvania
1205,Marla,Threadkell,2 Katie Crossing,Charlotte,North Carolina
1206,Thaddus,Cleever,3 Laurel Lane,Pasadena,California
1207,Ivie,Sanz,89139 Calypso Parkway,Phoenix,Arizona
1208,Darleen,Chalfain,82869 Manley Crossing,Madison,Wisconsin
1209,Issy,Fibbings,29603 Hooker Junction,Wilkes Barre,Pennsylvania
1210,Chelsie,Casillas,5 Moland Pass,San Diego,California
1211,Emmalynn,Lettsom,9 Mcbride Place,San Francisco,California
1212,Lorene,Danilenko,985 Corscot Street,Albuquerque,New Mexico
1213,Manda,Carlisle,7087 Killdeer Pass,Mesquite,Texas
1214,Kaja,Shew,221 Superior Road,Arlington,Texas
1215,Gilberta,Beese,99074 Clyde Gallagher Terrace,Dallas,Texas
1216,Leoline,Ivanyushkin,960 Merchant Center,Richmond,Virginia
1217,Brendan,Tincombe,6 Jackson Crossing,Miami,Florida
1218,Antonie,Corser,4 Namekagon Court,Dallas,Texas
1219,Marinna,Lane,2662 International Parkway,Norwalk,Connecticut
1220,Irving,Delph,2844 Coolidge Court,Salt Lake City,Utah
1221,Felicdad,Asals,01056 Kedzie Way,Lakeland,Florida
1222,Bertina,Allibone,3 New Castle Crossing,Tampa,Florida
1223,Jeff,Whitworth,178 West Center,Springfield,Ohio
1224,Costanza,Lotterington,9 Redwing Hill,Knoxville,Tennessee
1225,Amargo,Gallier,01 Annamark Pass,Decatur,Illinois
1226,Blanche,O' Lone,16807 Pennsylvania Junction,Boise,Idaho
1227,Liza,Rosell,95049 Atwood Junction,Oakland,California
1228,Galvan,Yellowley,1 Gerald Terrace,Worcester,Massachusetts
1229,Milli,Paramore,365 Schurz Court,Bismarck,North Dakota
1230,Abram,Lapslie,60377 Dakota Street,Glendale,California
1231,Agosto,Longbottom,76032 Dayton Crossing,Sacramento,California
1232,Lucia,Tweddle,4125 Hauk Street,Mesa,Arizona
1233,Andrea,Jellard,370 Acker Crossing,Shawnee Mission,Kansas
1234,Valentia,Smewing,5152 Carpenter Drive,Charlottesville,Virginia
1235,Jen,Lithcow,9 Clyde Gallagher Crossing,El Paso,Texas
1236,Esme,Le Guin,7452 Glendale Alley,Round Rock,Texas
1237,Gusti,Pinches,572 Pierstorff Plaza,Miami,Florida
1238,Thurston,Aiston,56 Kropf Plaza,Oakland,California
1239,Jerry,Websdale,75392 Westerfield Avenue,Nashville,Tennessee
1240,Calida,Luna,2047 Artisan Parkway,Cincinnati,Ohio
1241,Welsh,Burfoot,0 2nd Pass,Dallas,Texas
1242,Branden,Lockitt,8 Summerview Hill,Cincinnati,Ohio
1243,Chryste,Vanlint,542 Algoma Terrace,Lexington,Kentucky
1244,Frederique,Cracknell,2 Boyd Road,Washington,District of Columbia
1245,Florian,Bromidge,08332 Melby Place,Minneapolis,Minnesota
1246,Jaymee,Dunkerly,50201 Red Cloud Junction,Bronx,New York
1247,Doralynn,Ferre,94174 Artisan Alley,Orlando,Florida
1248,Cozmo,Woolforde,18465 Rutledge Street,Berkeley,California
1249,Nancy,Evemy,86 Village Green Crossing,Memphis,Tennessee
1250,Anallise,Nilles,2403 Ludington Terrace,Fort Worth,Texas
1251,Corney,Dorbon,1592 Maywood Street,Tempe,Arizona
1252,Frants,Ferandez,1 7th Lane,Denton,Texas
1253,Vanni,Farquhar,940 Armistice Crossing,Harrisburg,Pennsylvania
1254,Fayette,Cowland,6 Birchwood Avenue,Asheville,North Carolina
1255,Bria,Blindermann,398 Daystar Avenue,Chicago,Illinois
1256,Chrystal,Skea,74 Schurz Road,Suffolk,Virginia
1257,Cathrin,Cundict,30821 Macpherson Road,Fresno,California
1258,Kelsey,Jaquiss,77899 Drewry Junction,Springfield,Missouri
1259,Hugh,Whitley,6296 Holmberg Place,Oakland,California
1260,Charline,Tillman,4701 Roxbury Center,Pinellas Park,Florida
1261,Bill,Speere,16 Scott Pass,New Haven,Connecticut
1262,Dominick,Knibley,7 School Crossing,Metairie,Louisiana
1263,Gaby,Tompkiss,12 Straubel Court,Washington,District of Columbia
1264,Toddy,Creasey,278 4th Road,Edmond,Oklahoma
1265,Wiatt,Leavey,50 Banding Street,Nashville,Tennessee
1266,Cindee,Lamplugh,05 Dahle Parkway,Oxnard,California
1267,Ludvig,Piggrem,5620 Stuart Lane,Dallas,Texas
1268,Georges,Mea,3 Merrick Court,Green Bay,Wisconsin
1269,Jeanne,Reese,05 Kings Way,Akron,Ohio
1270,Miriam,Rains,97898 Lake View Place,Augusta,Georgia
1271,Sigmund,Crichmere,8 Green Ridge Street,Vancouver,Washington
1272,Betsey,Purveys,457 Green Ridge Junction,Washington,District of Columbia
1273,Dora,Fleeman,0113 Surrey Drive,Peoria,Illinois
1274,Reeta,Boughtwood,98411 Service Avenue,Los Angeles,California
1275,Suzann,Gabbitis,467 Milwaukee Terrace,Duluth,Georgia
1276,Florenza,Bielfeld,267 Service Pass,Springfield,Missouri
1277,Hadleigh,Di Giacomo,6312 Hermina Pass,Rochester,New York
1278,Gabi,Glasson,367 Canary Drive,Green Bay,Wisconsin
1279,Lanie,Jakobssen,5740 Westport Alley,San Antonio,Texas
1280,Tabb,Eouzan,3528 Forster Street,Sioux Falls,South Dakota
1281,Erastus,De Mitri,90875 Ruskin Court,Colorado Springs,Colorado
1282,Janna,Kett,55038 Gina Parkway,New York City,New York
1283,Jordain,Block,02 Jenna Park,Akron,Ohio
1284,Orelee,Oxherd,875 Carpenter Court,Sacramento,California
1285,Dominique,Aleshintsev,482 Clarendon Point,Prescott,Arizona
1286,Cordelie,Esbrook,871 Truax Plaza,Saint Paul,Minnesota
1287,Salvidor,Fowells,033 Ridge Oak Avenue,Pittsburgh,Pennsylvania
1288,Karry,Pelosi,3 Stuart Alley,San Francisco,California
1289,Otis,Saunton,63 Muir Pass,Henderson,Nevada
1290,Madalena,Croke,8559 Pepper Wood Trail,New Brunswick,New Jersey
1291,Nata,Poyzer,13 Darwin Hill,Washington,District of Columbia
1292,Enriqueta,Form,63982 Marquette Crossing,San Antonio,Texas
1293,Cathrine,Pape,6815 Northwestern Pass,Indianapolis,Indiana
1294,Sisely,Keller,78 Dexter Circle,Houston,Texas
1295,Neill,Edghinn,7 Hermina Park,Birmingham,Alabama
1296,Vin,Pickard,8 Onsgard Circle,Birmingham,Alabama
1297,Gay,Clynman,604 Sherman Parkway,Louisville,Kentucky
1298,Merilee,Letford,20877 School Way,Washington,District of Columbia
1299,Leroi,Ossipenko,3 Prentice Place,Oklahoma City,Oklahoma
1300,Becka,Congreve,97439 Kings Park,Jackson,Mississippi
1301,Stillmann,Pavlishchev,60809 Vidon Park,Las Vegas,Nevada
1302,Doloritas,Grigoryev,39 Gulseth Place,Salt Lake City,Utah
1303,Becca,Gorvin,0829 Lunder Hill,Winston Salem,North Carolina
1304,Marta,Griswood,5 Doe Crossing Place,West Palm Beach,Florida
1305,Vic,Giovannilli,8 Thierer Drive,Las Cruces,New Mexico
1306,Zachariah,Bromont,5812 Nelson Alley,Inglewood,California
1307,Elmo,Wellfare,08211 Bartillon Pass,Durham,North Carolina
1308,Thornie,Skudder,5906 Veith Plaza,Kansas City,Missouri
1309,Berny,Mewitt,85637 Buhler Hill,Omaha,Nebraska
1310,Holly-anne,Poppleston,16282 Lukken Court,Montgomery,Alabama
1311,Reese,Fawlks,490 Grayhawk Trail,Houston,Texas
1312,Dore,Ewenson,518 Luster Drive,Madison,Wisconsin
1313,Verge,Glamart,24 Karstens Way,Memphis,Tennessee
1314,Gabi,Thorburn,8 Randy Point,Detroit,Michigan
1315,Tracee,Raggitt,7 Florence Way,Springfield,Missouri
1316,Nate,Reuble,43 Merrick Plaza,San Jose,California
1317,Dario,Fee,6 Helena Junction,Washington,District of Columbia
1318,Ruttger,Walls,816 Colorado Road,Ashburn,Virginia
1319,Gamaliel,Prozescky,4266 South Circle,Tucson,Arizona
1320,Bradan,Murr,381 Harbort Pass,New Orleans,Louisiana
1321,Jacki,Strelitz,33610 Golf Court,El Paso,Texas
1322,Fabien,Graben,13 Pawling Terrace,Gainesville,Florida
1323,Almire,Challens,33 Surrey Center,Monticello,Minnesota
1324,Ardath,Lillo,5 Thierer Trail,Aurora,Colorado
1325,Mayor,Trass,686 Maywood Pass,Pensacola,Florida
1326,Arty,Yakobowitz,9 Towne Way,Arlington,Texas
1327,Currie,Franz-Schoninger,668 Scott Crossing,Atlanta,Georgia
1328,Suellen,Bourbon,1840 Gulseth Lane,Chicago,Illinois
1329,Padriac,O'Mullally,2 Dakota Circle,Phoenix,Arizona
1330,Esmaria,Gatland,79 Mcbride Hill,Decatur,Illinois
1331,Andeee,Solley,6 Bonner Drive,Sioux Falls,South Dakota
1332,Claretta,Pourvoieur,8394 Utah Crossing,New York City,New York
1333,Benito,Hulstrom,51586 Oxford Center,Dayton,Ohio
1334,Deedee,Aylward,89 Erie Lane,Orlando,Florida
1335,Concettina,Bulbrook,424 Rusk Terrace,Lincoln,Nebraska
1336,Lyell,Gofforth,8653 Mallard Terrace,Houston,Texas
1337,Anabelle,Marlon,7 Schmedeman Plaza,Las Vegas,Nevada
1338,Dot,Bennallck,4 Cordelia Lane,San Antonio,Texas
1339,Carla,Grzes,6 Declaration Trail,Everett,Washington
1340,Linus,Witterick,3 3rd Alley,Charlotte,North Carolina
1341,Clive,Grundwater,5 Springview Hill,Odessa,Texas
1342,Giacomo,Febry,24 Dottie Avenue,Pasadena,California
1343,Noelle,South,82 Hayes Place,Evansville,Indiana
1344,Rees,Ziemsen,42290 Randy Court,Idaho Falls,Idaho
1345,Sisely,Buckland,19853 Meadow Ridge Alley,Macon,Georgia
1346,Bo,Wigfall,250 Harper Lane,Washington,District of Columbia
1347,Risa,Tree,1 Fair Oaks Park,Lafayette,Indiana
1348,Archer,Tunmore,5537 Raven Circle,Burbank,California
1349,Bennett,Skivington,8356 Nelson Avenue,Minneapolis,Minnesota
1350,Maia,Lukasen,0 Anderson Way,Louisville,Kentucky
1351,Emmery,Myrtle,69 Myrtle Point,Irving,Texas
1352,Ilyse,Ebbs,370 Dunning Plaza,Toledo,Ohio
1353,Jilli,Gaythwaite,55128 Gulseth Alley,El Paso,Texas
1354,Bennie,Boothebie,891 Bobwhite Plaza,Colorado Springs,Colorado
1355,Gilberto,Triggle,94194 Thierer Pass,Garland,Texas
1356,Valaree,Gouldeby,291 Eagle Crest Drive,Athens,Georgia
1357,Hannis,Wrightson,24703 Hanover Court,Houston,Texas
1358,Hayes,Gabb,1 Northland Circle,Wilmington,Delaware
1359,Phillipe,Boles,88 Monica Point,Houston,Texas
1360,Leta,Jecock,499 Sunbrook Parkway,Clearwater,Florida
1361,Halimeda,Gristock,91 Westridge Center,Orlando,Florida
1362,Gaylene,Vyvyan,12 Redwing Trail,Cincinnati,Ohio
1363,Webb,Gully,238 Crowley Circle,Miami,Florida
1364,Edithe,Bakesef,00 Roth Point,Spring Hill,Florida
1365,Lorrin,Derby,32212 Morning Street,Dayton,Ohio
1366,Edvard,Spread,076 Sycamore Center,Washington,District of Columbia
1367,Muhammad,Kelwick,35 American Pass,Austin,Texas
1368,Marcellina,Assiratti,5952 Quincy Court,Pittsburgh,Pennsylvania
1369,Bard,Niccolls,33 Gina Hill,Eugene,Oregon
1370,Theodora,Earnshaw,91 Meadow Vale Lane,Spokane,Washington
1371,Zandra,Esselin,4 Shoshone Lane,Brooklyn,New York
1372,Terrijo,Ayer,02 Donald Court,Waterbury,Connecticut
1373,Ellsworth,Muzzlewhite,408 High Crossing Road,Philadelphia,Pennsylvania
1374,Gaston,Ornillos,6 Armistice Way,Tampa,Florida
1375,Maggee,Mantripp,62 Golden Leaf Street,Minneapolis,Minnesota
1376,My,Kobierzycki,59975 Declaration Parkway,Orlando,Florida
1377,Corella,Gosby,504 Johnson Crossing,Corpus Christi,Texas
1378,Maud,Kellar,0162 Brickson Park Court,Miami,Florida
1379,Neilla,Antrobus,7770 Brown Place,Roanoke,Virginia
1380,Gerta,Perillo,089 Carberry Alley,Washington,District of Columbia
1381,Garry,Pullan,5 Heffernan Way,Lexington,Kentucky
1382,Evangeline,Cansdale,90771 Golf View Alley,Erie,Pennsylvania
1383,Arabela,Cartman,1062 John Wall Park,San Antonio,Texas
1384,Keary,Jukubczak,167 Sycamore Lane,Wichita Falls,Texas
1385,Caralie,Mil,51873 Hazelcrest Terrace,Austin,Texas
1386,Fernando,Biermatowicz,6 Scofield Park,Houston,Texas
1387,Irving,Le Blond,0223 Evergreen Trail,Warren,Michigan
1388,Ashlee,Pappi,0692 Fuller Junction,San Antonio,Texas
1389,Malchy,Wiggington,913 Mccormick Junction,New York City,New York
1390,Margi,Dowry,09170 Brentwood Place,Oklahoma City,Oklahoma
1391,Christian,McGilvra,55 Loftsgordon Center,Syracuse,New York
1392,Lurline,Harriss,82 Homewood Plaza,Oxnard,California
1393,Mozelle,Holligan,21402 Pine View Circle,Rochester,Minnesota
1394,Kissee,Flahive,86 Eagle Crest Plaza,Houston,Texas
1395,Lucie,Hugonnet,551 Swallow Plaza,Jamaica,New York
1396,Wald,Ramplee,0407 Hagan Trail,San Francisco,California
1397,Ethelred,Freyne,8296 Sunbrook Junction,Norfolk,Virginia
1398,Levin,Halpine,19535 Dapin Way,Los Angeles,California
1399,Thayne,Bleiman,83 Packers Alley,Albany,New York
1400,Laurene,Borrowman,16066 Hoard Place,Oklahoma City,Oklahoma
1401,Kamillah,Quiddihy,471 Haas Pass,Houston,Texas
1402,Ozzie,Eckels,77693 Randy Street,Tulsa,Oklahoma
1403,Ash,Burgiss,7219 Hagan Street,Glendale,Arizona
1404,Reggie,Paumier,0532 Autumn Leaf Pass,Athens,Georgia
1405,Dugald,Lowry,1859 6th Terrace,Bloomington,Illinois
1406,Isabelita,Spilisy,61644 Buena Vista Trail,Orlando,Florida
1407,Ida,Paal,69 Farragut Court,Round Rock,Texas
1408,Hattie,Ryton,4 Kennedy Place,Pensacola,Florida
1409,Tarrance,Greatland,85 Fulton Pass,Lexington,Kentucky
1410,Jourdan,Steuhlmeyer,7 Ronald Regan Pass,San Antonio,Texas
1411,Thor,Cawkwell,6 Hermina Plaza,Springfield,Illinois
1412,Bekki,Tradewell,2 Sherman Junction,Alexandria,Louisiana
1413,Marnia,Tockell,298 Truax Junction,Fort Myers,Florida
1414,Dwain,Cuncliffe,45 Union Street,Palatine,Illinois
1415,Roby,Hutchin,2 Lukken Place,Oxnard,California
1416,Gabe,Forrest,4 Continental Junction,Des Moines,Iowa
1417,Bobina,Norcott,2 Roth Park,Detroit,Michigan
1418,Iain,Iacobacci,259 Northfield Trail,Newark,Delaware
1419,Percy,Dennes,97 Dunning Alley,Fairfield,Connecticut
1420,Gibb,Wreight,95985 Cordelia Court,Denver,Colorado
1421,Patrizius,Loveridge,254 Carey Drive,Reno,Nevada
1422,Sansone,Corkel,0 Carberry Pass,Charlotte,North Carolina
1423,Fulvia,Coppeard,697 Westport Plaza,Burbank,California
1424,Cayla,Mundford,90441 Hermina Trail,Davenport,Iowa
1425,Billy,Pascall,0992 Green Court,Phoenix,Arizona
1426,Albie,Delacoste,58775 4th Trail,New Orleans,Louisiana
1427,Rosalyn,Clancey,500 Division Point,Wilmington,North Carolina
1428,Madge,Viggers,7706 Arizona Crossing,Omaha,Nebraska
1429,Dukey,Hellikes,77174 Monterey Place,Austin,Texas
1430,Dina,Rampling,478 Carey Point,Tulsa,Oklahoma
1431,Nero,Queste,992 Glendale Lane,Sarasota,Florida
1432,Mureil,Adamiec,66 Ryan Plaza,Washington,District of Columbia
1433,Diego,Quelch,21 Independence Park,Milwaukee,Wisconsin
1434,Whit,Proudlove,78 Hayes Trail,Mobile,Alabama
1435,Shina,Scarrott,53 4th Court,Fairfield,Connecticut
1436,Rodrick,Sellar,5342 Londonderry Place,Seattle,Washington
1437,Rene,Drummond,795 Blaine Court,Huntington,West Virginia
1438,Dulcy,Sponton,3079 Pankratz Way,Dallas,Texas
1439,Kaylee,Mathely,3130 Blackbird Trail,Pittsburgh,Pennsylvania
1440,Rosaline,Doulden,3 Valley Edge Park,New Orleans,Louisiana
1441,Esma,Jerrand,31279 Nelson Court,Albany,New York
1442,Shaine,Bisseker,6446 Onsgard Street,San Antonio,Texas
1443,Bess,Harries,080 Tennessee Place,Denver,Colorado
1444,Dario,Rosenberger,272 Brown Terrace,Phoenix,Arizona
1445,Ardella,Swyer,0 Nobel Terrace,Dallas,Texas
1446,Vail,Oliphand,996 Stoughton Alley,Toledo,Ohio
1447,Ivonne,Holbarrow,0 Springs Way,New Orleans,Louisiana
1448,Yance,Tregust,4566 Buhler Hill,Richmond,Virginia
1449,Cullan,Mewton,059 Sommers Crossing,Jacksonville,Florida
1450,Saundra,Deport,99 Autumn Leaf Crossing,South Bend,Indiana
1451,Leonid,Keyse,8783 Laurel Avenue,Greensboro,North Carolina
1452,Bernhard,Raffan,05651 Mallory Avenue,Sacramento,California
1453,Derek,Hewes,0 Rigney Avenue,Miami,Florida
1454,Nikolas,Drayson,8 Calypso Junction,New York City,New York
1455,Willyt,Skitteral,68391 Magdeline Pass,San Diego,California
1456,Gwenore,Billyard,60165 Iowa Terrace,Richmond,California
1457,Dareen,Zanassi,136 Kedzie Park,Chicago,Illinois
1458,Cicely,Pellissier,52 Nevada Point,Winston Salem,North Carolina
1459,Nerti,Twinberrow,08 Vermont Park,Shawnee Mission,Kansas
1460,Constantin,Pesterfield,3558 Sachs Parkway,Des Moines,Iowa
1461,Violette,Hasson,587 Fulton Court,Elizabeth,New Jersey
1462,Dara,Chestney,1 Swallow Lane,Fort Wayne,Indiana
1463,Ronna,Stowers,5 Erie Point,Greenville,South Carolina
1464,Sonnie,Beidebeke,324 Manley Place,Springfield,Massachusetts
1465,Stacey,Rediers,97 Manitowish Plaza,El Paso,Texas
1466,Ellerey,Stutt,0488 Lawn Court,Wilkes Barre,Pennsylvania
1467,Tessie,Hardwin,764 Ruskin Circle,New Hyde Park,New York
1468,Andrea,Cobleigh,60 Holy Cross Drive,Sacramento,California
1469,Nicole,Pafford,71 Delladonna Street,Syracuse,New York
1470,Agnola,Gonnin,8870 Graceland Lane,Fort Worth,Texas
1471,Quinta,Bawles,9 Bayside Court,Evansville,Indiana
1472,Elladine,Boar,063 Lakeland Plaza,Fargo,North Dakota
1473,Pen,Botcherby,69 Cardinal Road,Whittier,California
1474,Modesta,Klimschak,839 Upham Alley,Scottsdale,Arizona
1475,Danice,Chaperlin,8586 Morningstar Hill,Wichita,Kansas
1476,Adela,Paddeley,335 Fulton Avenue,Indianapolis,Indiana
1477,Vicki,Mackney,36 Schurz Way,Mobile,Alabama
1478,Selby,Mcasparan,372 Merchant Park,Galveston,Texas
1479,Johanna,Dettmar,8405 Hanover Center,New York City,New York
1480,Hastie,Ledur,75726 Annamark Terrace,Miami,Florida
1481,Clevey,Armatage,777 Carey Crossing,Shreveport,Louisiana
1482,Ced,Cockaday,60 Nevada Crossing,Sacramento,California
1483,Laurice,Ayshford,87 Eastlawn Court,Philadelphia,Pennsylvania
1484,Gabriello,Weathey,597 Mallory Lane,Clearwater,Florida
1485,Jacob,Paice,716 Pleasure Place,Washington,District of Columbia
1486,Carolan,Sammars,5 Melody Point,Washington,District of Columbia
1487,Ingemar,Cork,2003 Acker Way,Saint Petersburg,Florida
1488,Teodor,Farny,2 Waywood Pass,York,Pennsylvania
1489,Ted,Kerbler,2643 New Castle Way,Austin,Texas
1490,Buddie,Burnel,20085 Schiller Plaza,Davenport,Iowa
1491,Maudie,Testo,713 Garrison Parkway,Columbia,South Carolina
1492,Diahann,Fortnum,680 Moulton Terrace,Port Charlotte,Florida
1493,Skylar,Boshers,9283 Jackson Trail,Racine,Wisconsin
1494,Heloise,Fellnee,46858 Lotheville Trail,Clearwater,Florida
1495,Marketa,Doerren,78 Monterey Point,Pasadena,California
1496,Gregoire,Thorlby,38306 Forest Way,Santa Clara,California
1497,Gennifer,Milland,3189 Muir Center,Houston,Texas
1498,Ivan,Hedylstone,2 Coleman Park,Jamaica,New York
1499,Olimpia,Hurll,96 Vidon Trail,Monticello,Minnesota
1500,Gypsy,Parnell,625 Iowa Avenue,Mount Vernon,New York
1501,Isabel,Housam,3195 Northport Avenue,Springfield,Illinois
1502,Thaddeus,Sayburn,148 Doe Crossing Junction,Pittsburgh,Pennsylvania
1503,Bertram,Ambrosini,56143 Farragut Center,Washington,District of Columbia
1504,Anetta,Binestead,5 Wayridge Circle,Saint Petersburg,Florida
1505,Anselm,O'Kenny,4 Karstens Hill,Seattle,Washington
1506,Bryn,Bernolet,83460 Oxford Plaza,Oakland,California
1507,Juieta,Brockest,8997 Bonner Hill,Ocala,Florida
1508,Ambur,Amesbury,060 Norway Maple Avenue,Portland,Oregon
1509,Yurik,Woolrich,7310 Lakeland Center,Houston,Texas
1510,Elsie,Rachuig,7 Walton Avenue,Lafayette,Indiana
1511,Roanne,Woofendell,0108 Norway Maple Park,Memphis,Tennessee
1512,Towny,Tregunna,90 John Wall Junction,Trenton,New Jersey
1513,Olav,Frissell,36384 Manley Drive,Harrisburg,Pennsylvania
1514,Tobi,Warlaw,1 Delladonna Hill,Lakeland,Florida
1515,Odo,Van den Oord,789 Miller Drive,Toledo,Ohio
1516,Kiah,Vlies,131 Bonner Lane,Omaha,Nebraska
1517,Harriett,Shutler,4005 Cottonwood Drive,Palatine,Illinois
1518,Romeo,Gayden,8282 Kensington Trail,Danbury,Connecticut
1519,Stephanie,Springle,65 Morningstar Road,Fullerton,California
1520,Dan,Bessent,04678 Utah Court,Anchorage,Alaska
1521,Tricia,Mussard,587 Village Green Center,Baltimore,Maryland
1522,Missie,Endersby,80 Nelson Pass,Orlando,Florida
1523,Elfie,Guillart,5 Buell Drive,Las Vegas,Nevada
1524,Cortie,Caroll,8041 Westridge Road,Buffalo,New York
1525,Drucy,Pury,342 Sachs Court,Austin,Texas
1526,Calvin,Ivie,408 Westport Circle,Independence,Missouri
1527,Alexandr,Tink,647 Randy Street,Lincoln,Nebraska
1528,Pattie,Deschlein,0784 Holy Cross Junction,Los Angeles,California
1529,Gabe,Shaw,9368 Rieder Road,Fredericksburg,Virginia
1530,Madeleine,Swidenbank,8 West Park,Detroit,Michigan
1531,Teodoor,Zannutti,934 Arizona Street,Erie,Pennsylvania
1532,Truman,Josskoviz,8719 Scott Place,Portsmouth,Virginia
1533,Bethanne,Alpe,2817 Schiller Court,Cape Coral,Florida
1534,Griff,De Biaggi,92 Twin Pines Alley,Tampa,Florida
1535,Davina,Cone,31200 Dunning Drive,Lexington,Kentucky
1536,Wilbert,Stoak,6 Ryan Terrace,Reno,Nevada
1537,Umeko,Gallgher,0043 Dwight Court,Sunnyvale,California
1538,Sheelagh,Shearman,2577 La Follette Alley,Washington,District of Columbia
1539,Althea,Vellacott,6 Bartelt Drive,Albuquerque,New Mexico
1540,Stephen,Walding,38 Goodland Road,Washington,District of Columbia
1541,Ainsley,Pullen,76 Bunting Court,Spartanburg,South Carolina
1542,Reinold,Dethloff,18 Kenwood Circle,Detroit,Michigan
1543,Eddi,Dumingo,1744 Killdeer Parkway,Miami,Florida
1544,Cale,Rutter,7902 Magdeline Circle,Washington,District of Columbia
1545,Hussein,Igglesden,87223 Bowman Court,Canton,Ohio
1546,Luther,Lynn,14 Cody Avenue,Tulsa,Oklahoma
1547,Konstantine,Halfacre,7108 Welch Drive,Roanoke,Virginia
1548,Amory,Ree,2048 Heffernan Circle,Torrance,California
1549,Dallas,Worviell,4609 Northwestern Alley,New Orleans,Louisiana
1550,Ardys,Elton,09 Graedel Crossing,El Paso,Texas
1551,Oralia,Healeas,8121 Bunting Center,Escondido,California
1552,Aggi,Krauze,8 Sommers Plaza,Portsmouth,New Hampshire
1553,Joan,Pickover,5 Bunting Place,Wilmington,Delaware
1554,Megan,Beckinsall,4260 Maryland Court,Baltimore,Maryland
1555,Lukas,Ellsbury,3 Grayhawk Parkway,Pittsburgh,Pennsylvania
1556,Kathryn,Newey,3 Harper Plaza,Ocala,Florida
1557,Yoko,Orcas,468 Spenser Point,Dallas,Texas
1558,Shandie,Braden,18108 Iowa Way,Houston,Texas
1559,Wakefield,De La Cote,121 Cherokee Point,Tulsa,Oklahoma
1560,Jeni,McGeachey,69 Hauk Parkway,Shawnee Mission,Kansas
1561,Elias,McElvogue,8529 Bashford Road,Hartford,Connecticut
1562,Dorene,Lillico,6 Steensland Place,Richmond,California
1563,Alasteir,Albon,3 Bunker Hill Street,Jacksonville,Florida
1564,Terri,Jakubiak,4846 Londonderry Parkway,Montgomery,Alabama
1565,Marion,Cumine,1 Northfield Center,Charlottesville,Virginia
1566,Ardra,Tomaszkiewicz,0972 Pawling Terrace,Dallas,Texas
1567,Benoite,Dominka,53 Monterey Drive,Saint Louis,Missouri
1568,Alain,Heyburn,39 High Crossing Terrace,Lafayette,Louisiana
1569,Leeann,Marshalleck,76 Bobwhite Hill,Dayton,Ohio
1570,Shena,Williment,96442 Myrtle Terrace,Honolulu,Hawaii
1571,Vicky,Bierman,46 Nelson Place,San Francisco,California
1572,Vi,McLevie,4 Lillian Park,Norwalk,Connecticut
1573,Roanne,Shwenn,67642 Ramsey Place,Fort Lauderdale,Florida
1574,Cari,Seid,3 Morningstar Circle,Saint Petersburg,Florida
1575,Gerri,Servant,1320 Dexter Lane,Salem,Oregon
1576,Rabi,Bradmore,1 Susan Parkway,Dallas,Texas
1577,Idalia,Scotchforth,76501 Kenwood Junction,New York City,New York
1578,Elmo,Ochterlony,243 5th Parkway,Temple,Texas
1579,Katti,Dreakin,8 Emmet Place,New York City,New York
1580,Philippe,Bartolomeazzi,91373 Lien Way,Saint Louis,Missouri
1581,Sibley,Harling,4331 Kings Place,Memphis,Tennessee
1582,Nowell,Dawidsohn,87 Gateway Parkway,Charleston,West Virginia
1583,Shalom,Jaram,603 Moland Road,Las Vegas,Nevada
1584,Brion,Lovett,9 Burning Wood Circle,San Diego,California
1585,Marita,Speeks,1250 Badeau Junction,El Paso,Texas
1586,Marilee,Wykey,3848 Grover Center,Boston,Massachusetts
1587,Ad,Adnam,8815 Holmberg Street,Orlando,Florida
1588,Shayla,Blew,18 Warner Circle,Tucson,Arizona
1589,Dena,Beaushaw,9 Artisan Point,Sarasota,Florida
1590,Layton,Vigurs,45 Kenwood Avenue,Houston,Texas
1591,Trey,Warrillow,6551 Thierer Street,Charleston,South Carolina
1592,Shelley,Jantel,6939 Mandrake Lane,San Antonio,Texas
1593,Benetta,Altree,479 Fallview Drive,Evanston,Illinois
1594,Camala,Cason,878 Oak Park,Redwood City,California
1595,Allina,Shurville,1788 Lighthouse Bay Pass,Olympia,Washington
1596,Arthur,Shew,4 Merry Court,Charleston,West Virginia
1597,Hobard,Macklam,848 Leroy Terrace,Washington,District of Columbia
1598,Shoshanna,Lucy,7403 Di Loreto Drive,Phoenix,Arizona
1599,Abbott,Pedracci,86871 Esker Trail,Las Vegas,Nevada
1600,Caleb,Spinetti,7861 Beilfuss Place,Sioux City,Iowa
1601,Franky,Murcott,9 Scoville Road,Las Vegas,Nevada
1602,Star,Rowbrey,73 Fisk Street,Washington,District of Columbia
1603,Marena,Huckle,0511 Melby Court,San Francisco,California
1604,Elise,Petru,1 Comanche Center,Metairie,Louisiana
1605,Martie,Cull,73 Evergreen Center,Philadelphia,Pennsylvania
1606,Corenda,Balstone,5372 Washington Court,Fort Wayne,Indiana
1607,Sylas,Galero,6 Buhler Point,Bradenton,Florida
1608,Jori,Bysshe,4 Orin Trail,Harrisburg,Pennsylvania
1609,Schuyler,Allner,31 Armistice Crossing,Seattle,Washington
1610,Jenny,Viggars,05029 Scoville Court,Richmond,Virginia
1611,Annamarie,Perryn,45465 Hoffman Plaza,Manchester,New Hampshire
1612,Bertina,Champkins,07 Aberg Terrace,Cincinnati,Ohio
1613,Anallese,Delves,42 Mcbride Trail,Charlotte,North Carolina
1614,Tamarra,Beagrie,43 Chive Trail,Buffalo,New York
1615,Allin,Aurelius,6692 Mesta Alley,Las Vegas,Nevada
1616,Delphine,Haresign,246 Armistice Junction,Miami,Florida
1617,Beale,Roome,92990 Mandrake Street,San Antonio,Texas
1618,Joane,Karolowski,86464 Pine View Street,Atlanta,Georgia
1619,Hendrik,Beavon,065 Meadow Ridge Circle,Albany,New York
1620,Clemence,Revening,181 Ramsey Park,Charlotte,North Carolina
1621,Christoper,Matuszkiewicz,407 Chinook Court,Albany,New York
1622,Farley,Luciani,4570 Little Fleur Lane,Richmond,Virginia
1623,Pennie,Ecclestone,08152 Pleasure Alley,Chicago,Illinois
1624,Carleton,Pattington,8 Golf View Way,Charlotte,North Carolina
1625,Nan,Ravenscroft,12 Marcy Crossing,Pueblo,Colorado
1626,Arlie,Knevit,015 Corry Pass,Monroe,Louisiana
1627,Tamarah,Maus,3 Sachtjen Trail,Lake Charles,Louisiana
1628,Koo,Nisius,83544 Harbort Terrace,Temple,Texas
1629,Griswold,Youle,66520 Anzinger Plaza,Boston,Massachusetts
1630,Alejandra,Suddell,6 Tennessee Plaza,Saint Cloud,Minnesota
1631,Linda,Clegg,64 Mifflin Place,Clearwater,Florida
1632,Dave,Woffenden,7 Delaware Terrace,Shawnee Mission,Kansas
1633,Marilyn,Measures,337 Warner Hill,Boston,Massachusetts
1634,Dare,Growy,3 Brickson Park Alley,Appleton,Wisconsin
1635,Gabrila,Challiss,0725 Kensington Hill,Los Angeles,California
1636,Margaretha,Tynewell,64 Bay Lane,Denton,Texas
1637,Nate,Tresise,5 Killdeer Crossing,Montgomery,Alabama
1638,Damiano,MacLaverty,204 High Crossing Plaza,Ann Arbor,Michigan
1639,Katuscha,Glennard,3931 Vidon Drive,Houston,Texas
1640,Calv,Badham,705 Buena Vista Alley,Sacramento,California
1641,Bennie,Pedreschi,8472 Merrick Alley,Peoria,Illinois
1642,Cece,Britcher,0 Kingsford Avenue,York,Pennsylvania
1643,Marice,Connock,401 Hovde Junction,Eugene,Oregon
1644,Jill,Hammor,4571 Dunning Center,Seattle,Washington
1645,Brenna,Phayre,97377 Kedzie Plaza,Minneapolis,Minnesota
1646,Annis,Fomichyov,690 Becker Junction,Lakeland,Florida
1647,Lanni,Brunnstein,0 Claremont Point,New Orleans,Louisiana
1648,Felipa,Cowwell,76968 Comanche Point,San Antonio,Texas
1649,Oran,Maseres,430 Spaight Pass,Erie,Pennsylvania
1650,Kirstin,Bould,2 Claremont Plaza,Fort Pierce,Florida
1651,Hendrika,Clift,0 Lyons Alley,Toledo,Ohio
1652,Fanni,Siemons,72 Crowley Park,Cincinnati,Ohio
1653,Celia,Dilawey,3 Towne Parkway,Omaha,Nebraska
1654,Tedd,Liddy,71 Fremont Avenue,Washington,District of Columbia
1655,Shanon,Gosneye,61940 Crest Line Road,Dayton,Ohio
1656,Tallia,Fleeming,291 Evergreen Street,Peoria,Illinois
1657,Creigh,Cremer,100 Spaight Way,New Orleans,Louisiana
1658,Candide,Vearnals,1 Delaware Point,Pinellas Park,Florida
1659,Tull,Swannack,387 Elgar Lane,Santa Monica,California
1660,Yalonda,Casa,4042 Kedzie Drive,Saint Petersburg,Florida
1661,Carolina,Hurdiss,76 Arapahoe Crossing,Seattle,Washington
1662,Masha,Rumgay,33 Moulton Pass,Columbus,Ohio
1663,Georgena,Simpson,56831 3rd Drive,New York City,New York
1664,Chryste,Robilart,428 Tennessee Pass,Trenton,New Jersey
1665,Phebe,Stanhope,24 Porter Road,Lansing,Michigan
1666,Cordi,Rosbottom,93 Colorado Avenue,Washington,District of Columbia
1667,Vivyan,Seiter,0922 Lillian Junction,Albany,New York
1668,Nadean,Pibsworth,9322 Shelley Junction,El Paso,Texas
1669,Gabbey,Goodband,70 Briar Crest Court,Las Vegas,Nevada
1670,Whitaker,Uzielli,5434 Lerdahl Drive,Honolulu,Hawaii
1671,Niall,Mixhel,2 Fulton Court,Littleton,Colorado
1672,Betta,Huckfield,02222 Swallow Junction,Houston,Texas
1673,Estele,Tuffrey,788 Ludington Point,Springfield,Massachusetts
1674,Judye,Bassano,8 Monument Terrace,Bakersfield,California
1675,Josi,O'Shiels,08 Roth Parkway,Philadelphia,Pennsylvania
1676,Legra,Chesters,71849 Novick Pass,Sacramento,California
1677,Leonie,Dimnage,8 Melrose Hill,Buffalo,New York
1678,Albina,Flobert,54 Morningstar Drive,Kansas City,Missouri
1679,Mia,Harrison,2 Drewry Plaza,Toledo,Ohio
1680,Tome,Scaife,75079 Susan Crossing,Charleston,West Virginia
1681,Matthias,Crowhurst,5 Thackeray Hill,Columbia,Missouri
1682,Lazarus,Demsey,091 Northwestern Terrace,Seattle,Washington
1683,Salomone,Widdowfield,9968 Crownhardt Alley,Washington,District of Columbia
1684,Mirabella,Chasemoore,1 Old Shore Terrace,Brooklyn,New York
1685,Lowe,Wanderschek,24 Clemons Circle,Houston,Texas
1686,Catie,Ledley,2408 Southridge Alley,Buffalo,New York
1687,Patrica,Hildred,0 Prairie Rose Avenue,Mobile,Alabama
1688,Allister,Ubsdell,498 Fulton Court,New York City,New York
1689,Nadeen,Swiggs,86831 Utah Lane,New York City,New York
1690,Ursa,Gremane,6 Pennsylvania Park,Raleigh,North Carolina
1691,Marni,Chevis,08 Elka Park,Rochester,New York
1692,Flint,Galea,23 Fairfield Street,Wichita,Kansas
1693,Allis,Whall,3 Luster Way,Birmingham,Alabama
1694,Nicoli,Tunsley,0 Mifflin Avenue,El Paso,Texas
1695,Tadio,Dawdary,47 Clove Circle,Miami,Florida
1696,Foss,Kob,5 7th Circle,Fort Worth,Texas
1697,Brittni,Hebbard,829 Dexter Park,Omaha,Nebraska
1698,Mathias,Rubertis,78352 Heath Center,Monroe,Louisiana
1699,Henry,Augustin,7 Oneill Center,Minneapolis,Minnesota
1700,Gwendolin,Colombier,1 Mallory Parkway,Brooklyn,New York
1701,Barby,Leek,47635 Summit Park,Rochester,New York
1702,Perry,Coppens,0 Loftsgordon Pass,Mobile,Alabama
1703,Jillayne,Shadfourth,6 Nova Point,Tulsa,Oklahoma
1704,Hewe,Gauge,7368 Waubesa Center,Hartford,Connecticut
1705,Franz,Lanney,197 Mockingbird Trail,Winston Salem,North Carolina
1706,Bryant,Kirkam,6 Thompson Circle,Nashville,Tennessee
1707,Bonita,Langrick,899 Derek Crossing,Whittier,California
1708,Linoel,Haston,9 Browning Way,Honolulu,Hawaii
1709,Hymie,Djekic,119 Goodland Way,West Palm Beach,Florida
1710,Sheff,Cronshaw,014 Novick Alley,Largo,Florida
1711,Dyanne,Ferrelli,209 Badeau Hill,Albuquerque,New Mexico
1712,Dominga,Sellors,810 Eastwood Street,Reading,Pennsylvania
1713,Micky,Dalliwatr,17114 Hoepker Point,Washington,District of Columbia
1714,Caria,Kevis,30 Moose Lane,Cleveland,Ohio
1715,Rodger,Ivasechko,50106 Graceland Center,Milwaukee,Wisconsin
1716,Derrik,Darch,24 Luster Road,Saint Louis,Missouri
1717,Dame,Higgen,1950 Cherokee Terrace,Trenton,New Jersey
1718,Errol,Syseland,973 Fisk Road,Hot Springs National Park,Arkansas
1719,Hurlee,Trimnell,598 Monterey Alley,Hamilton,Ohio
1720,Sephira,Van Brug,6 Welch Alley,Billings,Montana
1721,Dorris,Norfolk,8808 Veith Trail,Madison,Wisconsin
1722,Skye,Lyttle,10794 Marcy Trail,Fresno,California
1723,Olympe,Mallord,50228 Melvin Road,Jamaica,New York
1724,Guido,Spohrmann,146 Judy Way,Austin,Texas
1725,Lynette,Sink,09 Lighthouse Bay Pass,Bethesda,Maryland
1726,Madge,Salway,0 Miller Way,Lansing,Michigan
1727,Elva,Gwinnett,2940 Lukken Hill,Springfield,Massachusetts
1728,Silvano,Aizlewood,237 Gina Pass,Garland,Texas
1729,Malena,Robotham,820 Gale Drive,Pocatello,Idaho
1730,Nara,Snook,17 Pepper Wood Point,Miami,Florida
1731,Meredith,Crothers,492 Larry Street,San Francisco,California
1732,Nat,Lowcock,118 Cherokee Hill,Boca Raton,Florida
1733,Angelita,Towns,40734 Boyd Circle,Los Angeles,California
1734,Gamaliel,Lenham,477 Cherokee Parkway,Erie,Pennsylvania
1735,Doralynne,Heys,595 Muir Street,Boise,Idaho
1736,Jasmin,Caldecutt,818 Ryan Center,Baton Rouge,Louisiana
1737,Dannie,Oylett,97313 Hoard Avenue,Columbus,Ohio
1738,Burty,McGloughlin,5039 Dapin Point,Alexandria,Virginia
1739,Archer,Hodgets,4 Gateway Circle,Fort Lauderdale,Florida
1740,Dona,Fotitt,66 Huxley Center,Buffalo,New York
1741,Minerva,Reasun,2 Alpine Trail,Houston,Texas
1742,Kayne,Fowls,453 Graedel Avenue,Knoxville,Tennessee
1743,Knox,Leyrroyd,7 Sutherland Circle,Orlando,Florida
1744,Gabi,Spickett,94878 Toban Hill,New Orleans,Louisiana
1745,Lawton,Floweth,6290 Warbler Drive,Atlanta,Georgia
1746,Laird,Corbet,1 Dakota Hill,Austin,Texas
1747,Davin,Corradengo,6426 Michigan Way,Charlotte,North Carolina
1748,Eberhard,Esselin,0 Golf View Point,Salt Lake City,Utah
1749,Wilmar,MacCarlich,10052 Northridge Crossing,Washington,District of Columbia
1750,Nilson,Loosley,9 Sachtjen Drive,New Haven,Connecticut
1751,Linn,O'Beirne,24654 Garrison Hill,Abilene,Texas
1752,Leeann,Killelea,66461 Northland Hill,Charlotte,North Carolina
1753,Kimball,Ilyushkin,9890 Coleman Road,Washington,District of Columbia
1754,Rodney,Izzard,4115 Maywood Plaza,Huntington,West Virginia
1755,Francesco,Blamire,1363 Rigney Drive,Carol Stream,Illinois
1756,Rudiger,McGarvie,62 Vermont Junction,Raleigh,North Carolina
1757,Dannye,Cranney,559 Luster Plaza,Hartford,Connecticut
1758,Moss,Brosnan,50514 Clarendon Place,Newton,Massachusetts
1759,Arthur,Stillwell,50506 Stang Hill,Shawnee Mission,Kansas
1760,Leyla,Meaddowcroft,775 Cherokee Lane,Largo,Florida
1761,Adele,Haxby,25552 Johnson Point,Richmond,Virginia
1762,Taddeusz,Higford,8059 Debs Terrace,Tucson,Arizona
1763,Washington,McKie,08 Onsgard Road,Rochester,Minnesota
1764,King,Hindrick,2 Florence Parkway,Irvine,California
1765,Seumas,Swinerd,3019 Beilfuss Court,Irvine,California
1766,Esme,Clutterham,166 Artisan Way,Phoenix,Arizona
1767,Jobie,Gehrtz,429 Fairview Crossing,Columbia,South Carolina
1768,Huey,Scadden,4 Florence Trail,Philadelphia,Pennsylvania
1769,Blinni,Baskerville,087 Eliot Parkway,Naples,Florida
1770,Danita,Bowdidge,4 Artisan Hill,Valley Forge,Pennsylvania
1771,Hermine,Gorcke,65 Little Fleur Center,Monticello,Minnesota
1772,Amabelle,Colbrun,5114 Prentice Park,Tacoma,Washington
1773,Tracy,Byrd,71 Meadow Vale Plaza,Orlando,Florida
1774,Arnaldo,Jarville,910 Vernon Way,Arlington,Virginia
1775,Brandy,McCafferky,472 Tony Park,Portland,Oregon
1776,Madelle,Golsworthy,56130 Northview Lane,Austin,Texas
1777,Idell,McMinn,31919 Crescent Oaks Place,Torrance,California
1778,Rodrigo,Ebanks,29787 Riverside Street,Oakland,California
1779,Chip,Brasted,128 Duke Terrace,Phoenix,Arizona
1780,Hortense,Withey,9 Karstens Court,Jacksonville,Florida
1781,Boyd,McDougall,0 Muir Plaza,Chicago,Illinois
1782,Tate,O'Codihie,03 Lotheville Trail,Spring,Texas
1783,Mareah,Chipman,8 Merchant Pass,Gainesville,Florida
1784,Yasmeen,Lidgard,3625 Manufacturers Lane,Augusta,Georgia
1785,Hercule,Shepherdson,13 Brentwood Avenue,Salinas,California
1786,Amara,Wegman,97473 Northview Junction,Charlotte,North Carolina
1787,Emmye,Driutti,341 Delladonna Center,San Diego,California
1788,Moises,McCooke,71 Hayes Pass,Sarasota,Florida
1789,Anthea,Brentnall,0727 Farwell Lane,Charleston,West Virginia
1790,Patten,Biddleston,88885 Thompson Lane,Young America,Minnesota
1791,Barrie,Willavize,73671 7th Pass,Youngstown,Ohio
1792,Montgomery,Parslow,42353 Fulton Lane,Port Saint Lucie,Florida
1793,Martha,Kidd,57 Debs Circle,Stockton,California
1794,Dinah,Gilfoy,52276 High Crossing Terrace,Washington,District of Columbia
1795,Bucky,Arend,3553 Roth Parkway,Charleston,West Virginia
1796,Woody,Cracoe,48142 Gulseth Parkway,Pensacola,Florida
1797,Izzy,Ibbett,8 Hallows Crossing,Elizabeth,New Jersey
1798,Spike,Hardy-Piggin,158 Hintze Terrace,Shawnee Mission,Kansas
1799,Karoly,Shearsby,12032 South Park,Bridgeport,Connecticut
1800,Leyla,Cuttle,62 Glendale Road,Atlanta,Georgia
1801,Asher,Fodden,078 Towne Alley,Alexandria,Virginia
1802,Cedric,Lennarde,5 Bunting Drive,Portland,Oregon
1803,Ham,Whooley,22 Graedel Street,Chicago,Illinois
1804,Karlotta,Constantine,7330 Sullivan Pass,Columbia,South Carolina
1805,Jard,De Morena,84073 Susan Place,Tuscaloosa,Alabama
1806,Gene,Lambillion,7 Holy Cross Terrace,Atlanta,Georgia
1807,Chloe,O'Geaney,00 Main Avenue,Fort Worth,Texas
1808,Brande,Scurrell,178 Mallory Avenue,Las Vegas,Nevada
1809,Inglebert,Craxford,43758 Northfield Hill,New Orleans,Louisiana
1810,Daron,Shaddick,33 Prairieview Crossing,Austin,Texas
1811,Leigh,Gonthier,2688 Loftsgordon Trail,Dallas,Texas
1812,Wright,Gebhard,04899 Bay Hill,Peoria,Illinois
1813,Micheil,Kenwell,696 Milwaukee Center,Roanoke,Virginia
1814,Cariotta,Jewar,9559 Nova Terrace,Salt Lake City,Utah
1815,Elfrieda,Rankin,6843 Dayton Road,Baltimore,Maryland
1816,Inness,Faccini,1 Lukken Way,Loretto,Minnesota
1817,Tom,Cazereau,6 Lakewood Gardens Road,Gastonia,North Carolina
1818,Kary,Dregan,0279 Rigney Drive,Salt Lake City,Utah
1819,Chicky,Biaggiotti,55 Esch Road,Oakland,California
1820,Boot,Baggaley,36723 Graceland Crossing,Washington,District of Columbia
1821,Arch,Forrest,75 Raven Parkway,Boca Raton,Florida
1822,Kevin,Opdenort,738 Eagle Crest Plaza,Jacksonville,Florida
1823,Christa,Judd,47 Jackson Pass,Gadsden,Alabama
1824,Darsie,Cleef,84999 Crescent Oaks Plaza,Akron,Ohio
1825,Elie,Siege,47 Moland Drive,Anchorage,Alaska
1826,Luella,McMurthy,3427 Warbler Hill,Buffalo,New York
1827,Prinz,Dilger,8 Melrose Crossing,Minneapolis,Minnesota
1828,Alisha,Barnsdall,6 Corscot Crossing,Carol Stream,Illinois
1829,Lanny,Mountstephen,41930 Eliot Pass,Peoria,Illinois
1830,Hedvige,Vannuccini,9509 Forest Dale Point,Van Nuys,California
1831,Joelly,Bayle,899 Harbort Circle,Des Moines,Iowa
1832,Kaela,Gush,3413 Northridge Road,Albuquerque,New Mexico
1833,Baldwin,Proudley,16239 Green Ridge Lane,San Jose,California
1834,Verina,Fellibrand,1658 Spohn Pass,Killeen,Texas
1835,Renie,Glasbey,98 Prentice Drive,Atlanta,Georgia
1836,Biron,Jollands,680 Florence Terrace,Springfield,Massachusetts
1837,Willdon,Mc Menamin,74 Redwing Parkway,Hot Springs National Park,Arkansas
1838,Washington,Olyunin,89488 Brentwood Drive,Houston,Texas
1839,Darell,Sindle,2 Red Cloud Park,Knoxville,Tennessee
1840,Henri,Cantrill,48531 Esker Pass,Mesa,Arizona
1841,Cull,Emons,73 Graedel Junction,Stockton,California
1842,Onofredo,Tinniswood,07926 Heffernan Court,Dallas,Texas
1843,Dyann,Lowry,00 Lillian Plaza,El Paso,Texas
1844,Sherrie,Dogg,24 Westerfield Trail,Albuquerque,New Mexico
1845,Johannah,Sommers,245 Esker Junction,Wichita,Kansas
1846,Karylin,Capponer,02965 Atwood Terrace,Fort Lauderdale,Florida
1847,Clarette,Bedingfield,3022 Harbort Hill,Akron,Ohio
1848,Karoly,Kolakowski,3377 Summit Center,Charlotte,North Carolina
1849,Ethan,Briggs,3 Canary Way,Syracuse,New York
1850,Ilka,Befroy,62359 Red Cloud Park,Washington,District of Columbia
1851,Merlina,Meaddowcroft,253 Killdeer Pass,Gary,Indiana
1852,Edik,Bradborne,237 Butterfield Parkway,Charleston,South Carolina
1853,Ase,Enos,13297 Sugar Hill,Omaha,Nebraska
1854,Hadlee,Dunster,63 Fisk Pass,San Antonio,Texas
1855,Armstrong,Heintze,91 Waywood Place,El Paso,Texas
1856,Shurlock,Akaster,68553 Colorado Point,Memphis,Tennessee
1857,Joye,Blakeley,704 Jana Place,Omaha,Nebraska
1858,Madelyn,Hawkes,3 Cherokee Circle,San Francisco,California
1859,Kayne,Trower,44297 Grim Parkway,Corpus Christi,Texas
1860,Hillyer,Dowse,3539 Glacier Hill Terrace,Santa Barbara,California
1861,Ralph,Faltin,789 Cottonwood Terrace,Flushing,New York
1862,Bernelle,Stanworth,52 Hoepker Way,Charlotte,North Carolina
1863,Loleta,Malter,0 Hallows Trail,Tucson,Arizona
1864,Lu,Dallaghan,50769 Stang Road,Winston Salem,North Carolina
1865,Elnore,Grishanin,55937 Schmedeman Way,San Jose,California
1866,Etheline,Duesbury,2 Susan Terrace,South Bend,Indiana
1867,Borden,Murgatroyd,97081 Merry Terrace,Ogden,Utah
1868,Claudianus,Jesty,43 Evergreen Park,Iowa City,Iowa
1869,Guinevere,Gadsden,7554 Northridge Circle,Los Angeles,California
1870,Veronika,Tee,904 Schmedeman Plaza,Saint Louis,Missouri
1871,Rickey,Itzkovici,2793 Mayfield Center,Miami,Florida
1872,Thomas,d'Escoffier,446 Boyd Park,Beaverton,Oregon
1873,Tedd,Docket,63 Independence Road,El Paso,Texas
1874,Agnesse,Begg,8042 Southridge Park,Fayetteville,North Carolina
1875,Gardener,Jarrard,59 Charing Cross Plaza,Durham,North Carolina
1876,Issie,Carayol,12821 Chive Junction,Ann Arbor,Michigan
1877,Ethelin,Deackes,517 Westerfield Plaza,Kansas City,Missouri
1878,Catrina,Ivanin,913 Ohio Crossing,Miami,Florida
1879,Stacee,Peidro,9 Gina Way,San Francisco,California
1880,Addie,Beresford,9458 Continental Circle,Crawfordsville,Indiana
1881,Umberto,Pregel,59 Dixon Way,Columbus,Ohio
1882,Nap,Kener,90 Center Pass,Gainesville,Florida
1883,Nona,Fantonetti,486 5th Trail,Houston,Texas
1884,Elane,Tutchings,5 Birchwood Alley,Akron,Ohio
1885,Gavra,Nelthropp,04 Eggendart Lane,Washington,District of Columbia
1886,Godart,Zealander,40 Katie Alley,Huntington,West Virginia
1887,Kary,McConnulty,40 Hoffman Lane,Miami,Florida
1888,Nicolette,Elgar,4059 Arkansas Lane,Camden,New Jersey
1889,Mehetabel,Pocklington,342 Randy Crossing,Erie,Pennsylvania
1890,Caresse,Suatt,7048 Sundown Center,Wichita,Kansas
1891,Cesare,Ough,8 Manley Plaza,Salt Lake City,Utah
1892,Eustace,Shemilt,5920 Del Mar Way,Washington,District of Columbia
1893,Pandora,Charity,632 Esch Circle,Amarillo,Texas
1894,Roxanna,Romney,120 Northfield Street,Atlanta,Georgia
1895,Jori,Tattoo,953 Esch Center,Wichita Falls,Texas
1896,Adena,Langan,1 Brown Circle,Nashville,Tennessee
1897,Regan,Marmion,0 Rieder Point,Washington,District of Columbia
1898,Perry,Dunphie,00862 Bartelt Way,San Bernardino,California
1899,Meriel,Tessington,95 Grasskamp Circle,Seattle,Washington
1900,Trenna,Gilhespy,88 Kingsford Center,Baltimore,Maryland
1901,Kinnie,Doerr,4 Orin Way,Dallas,Texas
1902,Jojo,Wrigley,9336 Rusk Point,Iowa City,Iowa
1903,Jayme,Rottenbury,6522 Del Mar Circle,Memphis,Tennessee
1904,Lind,Hegges,576 Loftsgordon Lane,Wichita,Kansas
1905,Chere,Ollerearnshaw,05092 Merchant Place,Albany,New York
1906,Philippa,Carss,130 Logan Junction,Marietta,Georgia
1907,Heall,Hansom,5058 Vernon Place,Toledo,Ohio
1908,Nina,Precious,974 Division Pass,Midland,Texas
1909,Estell,Mutter,8 Amoth Alley,Colorado Springs,Colorado
1910,Zelig,Griffithe,6907 Petterle Lane,Oklahoma City,Oklahoma
1911,Donal,Pellamont,16 Dawn Junction,Detroit,Michigan
1912,Nancee,Boncore,429 Ilene Parkway,Cheyenne,Wyoming
1913,Inness,Nowill,65042 Johnson Alley,Berkeley,California
1914,Timothy,Geill,0 Macpherson Alley,Terre Haute,Indiana
1915,Keven,Robroe,932 Longview Pass,Inglewood,California
1916,Gunar,Risebarer,12985 Steensland Park,Denver,Colorado
1917,Constanta,Wagg,02222 Welch Court,Whittier,California
1918,Mariele,Georgot,1341 Surrey Terrace,El Paso,Texas
1919,Clayton,Robertacci,8858 Kensington Junction,Los Angeles,California
1920,Nelia,Chape,121 Monterey Place,Tulsa,Oklahoma
1921,Elvin,MacNulty,260 Haas Parkway,Savannah,Georgia
1922,Randell,Golsby,51772 Pierstorff Drive,Knoxville,Tennessee
1923,Elsie,Ridley,9278 Hoffman Court,Fairfax,Virginia
1924,Timothy,Stickels,5246 Canary Drive,Tallahassee,Florida
1925,Salvidor,Haskey,96105 Nevada Center,Paterson,New Jersey
1926,Lauryn,Alsobrook,3990 Armistice Park,Sterling,Virginia
1927,Meier,Colbourn,9514 Morrow Drive,Chicago,Illinois
1928,Devland,Miche,2 Carioca Crossing,Charleston,South Carolina
1929,Cristin,Warstall,2168 Bluejay Terrace,Raleigh,North Carolina
1930,Jilli,Coathup,428 Pine View Road,Grand Rapids,Michigan
1931,Alexis,Vaines,0 Rigney Plaza,Springfield,Missouri
1932,Jerri,Renwick,7945 Express Lane,Alexandria,Virginia
1933,Jerry,Tiptaft,64483 Grim Way,Baltimore,Maryland
1934,Rurik,O'Neary,6928 Cascade Trail,Austin,Texas
1935,Tracee,Tomblin,95 Lukken Park,Birmingham,Alabama
1936,Annabelle,Stoakes,82 Moose Street,Shawnee Mission,Kansas
1937,Breanne,Haskins,44784 Fallview Place,Fresno,California
1938,Gerri,Hutchens,85 Maryland Park,Madison,Wisconsin
1939,Devi,Mugleston,78063 Village Junction,San Francisco,California
1940,Poul,Blayd,34 Cody Plaza,Danbury,Connecticut
1941,Rana,Twinborough,05 Reinke Point,Nashville,Tennessee
1942,Cos,Ellerton,35 Victoria Park,Brooksville,Florida
1943,Emelita,Andrejevic,12700 Moulton Street,Charlotte,North Carolina
1944,Althea,Chrishop,4 Blaine Trail,Boise,Idaho
1945,Burl,Crucetti,37773 Sachs Plaza,Ann Arbor,Michigan
1946,Madelin,Branca,7933 Katie Trail,Boston,Massachusetts
1947,Kizzee,Naptin,9 Dottie Point,Detroit,Michigan
1948,Deidre,Gerritsma,28635 Meadow Valley Junction,Rochester,Minnesota
1949,Leo,Geerits,9 Ruskin Point,Phoenix,Arizona
1950,Cristian,Escoffrey,8 Blue Bill Park Circle,Irvine,California
1951,Kriste,Kliemann,6 Forest Run Parkway,Warren,Ohio
1952,Raff,Wellbelove,0787 Glacier Hill Circle,Pompano Beach,Florida
1953,Tiffi,Camden,084 Village Way,Des Moines,Iowa
1954,Madelin,Rhucroft,2 Briar Crest Alley,Ashburn,Virginia
1955,Oren,Flegg,95 Butterfield Hill,Fresno,California
1956,Angil,Stainton - Skinn,375 Bultman Terrace,Charleston,West Virginia
1957,Seline,Fakes,5 Clemons Hill,Atlanta,Georgia
1958,Broddie,Mingardi,66 Memorial Road,Helena,Montana
1959,Gav,Rickertsen,73 Northfield Park,Tulsa,Oklahoma
1960,Cindelyn,Lemasney,0 Grover Crossing,New Haven,Connecticut
1961,Cheslie,Le Friec,7 Vernon Pass,Huntington Beach,California
1962,Jelene,Walkden,78706 Dapin Point,Corpus Christi,Texas
1963,Alix,Anthoin,6250 Orin Junction,Dayton,Ohio
1964,Cazzie,Duffill,8270 Tomscot Plaza,Houston,Texas
1965,Kent,MacNeil,5960 Duke Junction,Norfolk,Virginia
1966,Willy,Pithie,69 Thierer Road,Carson City,Nevada
1967,Aida,Boone,57851 Dahle Parkway,New Brunswick,New Jersey
1968,Jenica,Crummay,7 Shoshone Circle,San Antonio,Texas
1969,Elladine,Blaxall,1 Maryland Terrace,Atlanta,Georgia
1970,Odella,Leivers,50292 Calypso Pass,San Antonio,Texas
1971,Tonnie,Sonschein,4 Randy Center,Durham,North Carolina
1972,Johny,Rettie,073 Porter Pass,Memphis,Tennessee
1973,Fedora,Thaxton,8190 Fallview Road,Virginia Beach,Virginia
1974,Edgard,Etchell,238 Melrose Road,Jacksonville,Florida
1975,Paulina,Marskell,77 Golf Terrace,Kansas City,Missouri
1976,Alexandr,Knell,622 High Crossing Court,Sacramento,California
1977,Oren,Doran,448 Cambridge Street,Chicago,Illinois
1978,Pepito,Darrington,0 Westerfield Place,Baltimore,Maryland
1979,Tasia,Meecher,66 David Crossing,Washington,District of Columbia
1980,Almira,Bernardoux,6 2nd Plaza,Omaha,Nebraska
1981,Minny,Rockwill,1873 Derek Parkway,Sarasota,Florida
1982,Mallorie,Skippen,935 Toban Pass,New Orleans,Louisiana
1983,Mendy,Brookfield,16927 Sage Point,El Paso,Texas
1984,Meade,Dellit,7926 Shelley Circle,Houston,Texas
1985,Susan,Diggins,01 Raven Parkway,Charleston,West Virginia
1986,Sean,Claw,29138 Esch Place,Montgomery,Alabama
1987,Arvin,Bryett,816 Green Ridge Drive,El Paso,Texas
1988,Marcille,Kew,64486 Namekagon Street,Atlanta,Georgia
1989,Urbanus,Loyd,05 Parkside Street,Houston,Texas
1990,Gordan,Gabbatiss,86209 Chinook Hill,Hattiesburg,Mississippi
1991,Elmore,Petegre,6 Oakridge Court,Charleston,West Virginia
1992,Lisette,April,17 Sloan Drive,Shreveport,Louisiana
1993,Patrice,Pegg,8200 Scott Avenue,Tucson,Arizona
1994,Myrtie,Blant,88243 Northfield Alley,Waterloo,Iowa
1995,Karyl,Fenich,37 Bowman Pass,Anaheim,California
1996,Michel,Edowes,704 4th Avenue,Chicago,Illinois
1997,Gianni,Hull,449 Helena Pass,Saint Louis,Missouri
1998,Leland,Kibbel,6 Fair Oaks Court,Glendale,Arizona
1999,Lalo,Alibone,78 Summerview Circle,San Jose,California
2000,Kerr,Billborough,4 Lakeland Junction,Irvine,California
